epochMillis,id,key,value
1562352388000,32217052,"source","tiger_import_dch_v0.2_20070715"
1352581641000,32217053,"source","tiger_import_dch_v0.2_20070715"
1190570572000,32217056,"created_by","JOSM"
1190570572000,32217056,"source","tiger_import_dch_v0.2_20070715"
1185532398000,32270319,"amenity","pub"
1185532398000,32270319,"name","Don Nowhere Shebeen"
1185532398000,32270319,"source","tiger_import_dch_v0.2_20070715"
1348066480000,33263755,"highway","motorway_junction"
1348066480000,33263755,"ref","82B"
1348066480000,33293019,"highway","motorway_junction"
1348066480000,33293019,"ref","81"
1715587666000,33447435,"addr:housenumber","201"
1715587666000,33447435,"addr:street","South Main Street"
1715587666000,33447435,"amenity","post_office"
1715587666000,33447435,"ele","1240"
1715587666000,33447435,"gnis:feature_id","937706"
1715587666000,33447435,"name","Columbus, NM 88029"
1715587666000,33447435,"phone","+1-575-531-2680"
1706621910000,33447459,"atm","yes"
1706621910000,33447459,"name","San Jose Store"
1706621910000,33447459,"shop","supermarket"
1706621910000,33447459,"wheelchair","yes"
1348066480000,33450274,"highway","motorway_junction"
1348066480000,33450274,"ref","68"
1348066480000,33602435,"highway","motorway_junction"
1348066480000,33602435,"ref","62"
1520203575000,33606011,"highway","motorway_junction"
1348066480000,33606018,"highway","motorway_junction"
1348066480000,33606018,"ref","24"
1348066481000,33607183,"highway","motorway_junction"
1348066481000,33607183,"ref","20A"
1327268240000,33677225,"highway","motorway_junction"
1327268240000,33677225,"ref","135"
1534248184000,33677268,"highway","motorway_junction"
1534248184000,33677268,"ref","139"
1348066481000,33875104,"highway","motorway_junction"
1348066481000,33875104,"ref","144"
1348066483000,33971771,"highway","motorway_junction"
1348066483000,33971771,"ref","3"
1735599465000,54220598,"alt_name","Christopher Columbus"
1735599465000,54220598,"name","Columbus"
1735599465000,54220598,"place","town"
1735599465000,54220598,"population","1664"
1735599465000,54220598,"postal_code","88029"
1735599465000,54220598,"wheelchair","yes"
1735599465000,54220598,"wikidata","Q1112742"
1735599465000,54220598,"wikipedia","de:Columbus (New Mexico)"
1706621910000,54289420,"amenity","pub"
1706621910000,54289420,"name","Pancho Villa Cantina"
1193873554000,88575147,"amenity","restaurant"
1193873554000,88575147,"created_by","Potlatch 0.4b"
1193873554000,88575147,"name","The Pink Store"
1193873554000,88575147,"note","best selection of beers in town, try the steak #22"
1477150434000,140740051,"highway","traffic_signals"
1477150434000,140740091,"highway","traffic_signals"
1343661896000,140740138,"highway","traffic_signals"
1343661896000,140740138,"source","survey"
1488749668000,140740139,"highway","stop"
1455418658000,140740264,"highway","turning_circle"
1650796626000,140740471,"highway","turning_circle"
1650796626000,140740471,"source","Yahoo"
1732031950000,140740483,"highway","turning_circle"
1334679073000,140740491,"highway","turning_circle"
1343532821000,140740608,"barrier","block"
1343532821000,140740608,"designation","access to Lomas blocked here"
1717097417000,140740632,"highway","traffic_signals"
1717097417000,140740632,"traffic_signals","traffic_lights"
1717097417000,140740632,"traffic_signals:direction","both"
1680544367000,140740696,"highway","turning_circle"
1343253127000,140740730,"highway","traffic_signals"
1343253127000,140740730,"source","Bing"
1344282002000,140740742,"highway","traffic_signals"
1344282002000,140740742,"source","Bing"
1355907835000,140741193,"highway","traffic_signals"
1363308450000,140741487,"highway","turning_circle"
1454539354000,140741519,"highway","turning_circle"
1704075130000,140742019,"crossing","unmarked"
1704075130000,140742019,"crossing:markings","no"
1704075130000,140742019,"highway","crossing"
1638719999000,140742041,"highway","motorway_junction"
1638719999000,140742041,"name","Tijeras"
1638719999000,140742041,"ref","175"
1688025406000,140742265,"destination:street","San Mateo Boulevard"
1688025406000,140742265,"highway","motorway_junction"
1688025406000,140742265,"ref","161"
1680638316000,140742301,"crossing","uncontrolled"
1680638316000,140742301,"crossing:markings","yes"
1680638316000,140742301,"highway","crossing"
1522353453000,140742369,"highway","turning_circle"
1522353453000,140742391,"highway","turning_circle"
1688542661000,140742396,"highway","motorway_junction"
1688542661000,140742396,"ref","157A"
1339936078000,140742414,"highway","traffic_signals"
1339936078000,140742414,"source","Bing"
1730908864000,140742846,"highway","turning_circle"
1689889056000,140742917,"highway","motorway_junction"
1689889056000,140742917,"ref","155"
1717097417000,140743089,"highway","traffic_signals"
1717097417000,140743089,"traffic_signals","traffic_lights"
1689067395000,140743117,"highway","motorway_junction"
1689067395000,140743117,"ref","234"
1582043020000,140745099,"power","tower"
1582043020000,140745099,"source","aerial imagery"
1582043020000,140745102,"power","tower"
1582043020000,140745102,"source","survey;aerial imagery"
1738188258000,140745356,"access","yes"
1738188258000,140745356,"addr:city","Albuquerque"
1738188258000,140745356,"addr:housenumber","14000"
1738188258000,140745356,"addr:postcode","87112"
1738188258000,140745356,"addr:state","NM"
1738188258000,140745356,"addr:street","Indian School Road Northeast"
1738188258000,140745356,"check_date","2025-01-29"
1738188258000,140745356,"ele","1882"
1738188258000,140745356,"fee","no"
1738188258000,140745356,"highway","trailhead"
1738188258000,140745356,"name","Embudo Trailhead"
1738188258000,140745356,"operator","USFS"
1443649988000,140745687,"highway","turning_circle"
1374950299000,140745825,"power","tower"
1674554694000,140745848,"highway","motorway_junction"
1674554694000,140745848,"ref","223"
1672331071000,140746313,"barrier","gate"
1515165526000,140746443,"barrier","gate"
1616615899000,140746828,"highway","motorway_junction"
1616615899000,140746828,"ref","213"
1717097417000,140746890,"highway","traffic_signals"
1717097417000,140746890,"traffic_signals","traffic_lights"
1477150434000,140747368,"noexit","yes"
1498606895000,140747690,"highway","turning_circle"
1498606895000,140747703,"highway","turning_circle"
1688980314000,140748746,"highway","motorway_junction"
1688980314000,140748746,"ref","162"
1677601986000,140748763,"crossing","uncontrolled"
1677601986000,140748763,"highway","crossing"
1343599693000,140749082,"highway","turning_circle"
1727378133000,140749334,"crossing","uncontrolled"
1727378133000,140749334,"highway","crossing"
1263806648000,140749780,"highway","motorway_junction"
1263806648000,140749780,"ref","222"
1607375589000,140750538,"highway","trailhead"
1607375589000,140750538,"name","Tramway Trail TH"
1346140559000,140750785,"highway","motorway_junction"
1346140559000,140750785,"ref","222B"
1345652925000,140750864,"highway","motorway_junction"
1345652925000,140750864,"ref","227"
1345652925000,140750879,"highway","motorway_junction"
1345652925000,140750879,"ref","221"
1530529668000,140750887,"highway","motorway_junction"
1708469906000,140752399,"barrier","gate"
1708469906000,140752399,"bicycle","yes"
1708469906000,140752399,"check_date","2024-02-20"
1708469906000,140752399,"colour","brown"
1708469906000,140752399,"foot","yes"
1708469906000,140752399,"locked","yes"
1708469906000,140752399,"material","steel"
1708469906000,140752399,"motor_vehicle","private"
1708469906000,140752399,"source","survey;gps"
1708469906000,140752495,"barrier","gate"
1708469906000,140752495,"bicycle","private"
1708469906000,140752495,"check_date","2024-02-20"
1708469906000,140752495,"foot","private"
1708469906000,140752495,"height","1"
1708469906000,140752495,"horse","private"
1708469906000,140752495,"material","metal"
1708469906000,140752495,"motor_vehicle","private"
1708469906000,140752495,"source","survey;gps"
1667354095000,140752726,"ford","yes"
1321213176000,140753054,"highway","motorway_junction"
1321213176000,140753054,"ref","215"
1717097417000,140753144,"highway","traffic_signals"
1717097417000,140753144,"traffic_signals","traffic_lights"
1690191371000,140753148,"highway","motorway_junction"
1690191371000,140753148,"noref","yes"
1689053138000,140753158,"highway","motorway_junction"
1689053138000,140753158,"ref","153"
1586887190000,140753159,"highway","turning_circle"
1573956820000,140753197,"highway","motorway_junction"
1573956820000,140753197,"ref","165"
1573956820000,140753230,"highway","traffic_signals"
1573956820000,140753230,"source","Bing"
1400857481000,140753283,"highway","motorway_junction"
1400857481000,140753283,"ref","165"
1573519475000,140753446,"highway","traffic_signals"
1730138746000,140753461,"crossing","uncontrolled"
1730138746000,140753461,"crossing:markings","yes"
1730138746000,140753461,"highway","crossing"
1730138746000,140753464,"highway","traffic_signals"
1730138746000,140753464,"traffic_signals","traffic_lights"
1688722590000,140753593,"highway","motorway_junction"
1688722590000,140753593,"ref","167"
1705507264000,140753632,"highway","turning_loop"
1573519475000,140753831,"highway","traffic_signals"
1573519475000,140753831,"source","survey"
1574640137000,140755015,"railway","switch"
1542092911000,140755964,"barrier","gate"
1610161499000,140755995,"access","private"
1610161499000,140755995,"barrier","gate"
1363278936000,140756123,"highway","turning_circle"
1703209666000,140756345,"highway","motorway_junction"
1341877763000,140757022,"highway","turning_circle"
1734589339000,140757200,"highway","motorway_junction"
1734589339000,140757200,"ref","224"
1583224120000,140758194,"highway","turning_circle"
1583224120000,140758194,"turning_circle","knuckle"
1688713681000,140758834,"highway","motorway_junction"
1688713681000,140758834,"ref","158"
1653506499000,140759010,"access","no"
1653506499000,140759010,"barrier","gate"
1733872015000,140759242,"ford","yes"
1733872015000,140759259,"ford","yes"
1671758464000,140759272,"ford","yes"
1733872015000,140759287,"ford","yes"
1733872015000,140759504,"ford","yes"
1717710611000,140760030,"highway","motorway_junction"
1717710611000,140760030,"ref","228"
1717710611000,140760064,"highway","traffic_signals"
1717710611000,140760064,"traffic_signals","traffic_lights"
1717097417000,140760067,"highway","traffic_signals"
1717097417000,140760067,"traffic_signals","traffic_lights"
1563746177000,140760223,"highway","traffic_signals"
1650875112000,140760646,"access","permit"
1650875112000,140760646,"barrier","gate"
1650875112000,140760646,"locked","no"
1352438600000,140760713,"highway","turning_circle"
1498606895000,140761351,"highway","turning_circle"
1321213176000,140761394,"highway","motorway_junction"
1321213176000,140761394,"ref","209"
1717097417000,140761487,"highway","traffic_signals"
1717097417000,140761487,"traffic_signals","traffic_lights"
1321213176000,140761503,"highway","motorway_junction"
1321213176000,140761503,"ref","233"
1255579957000,140761756,"highway","turning_circle"
1255579957000,140761756,"source","Yahoo"
1717097417000,140762123,"highway","traffic_signals"
1717097417000,140762123,"traffic_signals","traffic_lights"
1345652926000,140762134,"highway","motorway_junction"
1345652926000,140762134,"ref","221"
1731088290000,140762292,"highway","turning_circle"
1365176135000,140762564,"highway","traffic_signals"
1573605867000,140763577,"highway","turning_circle"
1419417325000,140763746,"highway","turning_circle"
1419417325000,140763751,"highway","turning_circle"
1516840362000,140763766,"highway","turning_circle"
1530533540000,140764157,"highway","motorway_junction"
1347705294000,140764186,"highway","motorway_junction"
1347705294000,140764186,"ref","154"
1717097417000,140764486,"highway","traffic_signals"
1717097417000,140764486,"source","Bing"
1717097417000,140764486,"traffic_signals","traffic_lights"
1607236908000,140764672,"highway","turning_circle"
1477150435000,140765138,"noexit","yes"
1697572747000,140765247,"highway","turning_circle"
1321213177000,140765530,"highway","motorway_junction"
1321213177000,140765530,"ref","223"
1732558041000,140765904,"crossing","uncontrolled"
1732558041000,140765904,"highway","crossing"
1573956820000,140765907,"highway","traffic_signals"
1694304214000,140766123,"barrier","cattle_grid"
1694304214000,140766123,"motor_vehicle","yes"
1694304214000,140766123,"vehicle","yes"
1693562846000,140766246,"highway","motorway_junction"
1693562846000,140766246,"name","Zuzax"
1693562846000,140766246,"ref","178"
1694304214000,140767369,"barrier","cattle_grid"
1694304214000,140767369,"motor_vehicle","yes"
1694304214000,140767369,"vehicle","yes"
1688537717000,140767478,"highway","motorway_junction"
1688537717000,140767478,"noref","yes"
1519494175000,140767723,"highway","motorway_junction"
1519494175000,140767723,"ref","160"
1542092697000,140768452,"barrier","gate"
1321213177000,140769058,"highway","motorway_junction"
1321213177000,140769058,"ref","213"
1616865167000,140770437,"highway","turning_circle"
1688140006000,140770447,"access","private"
1688140006000,140770447,"barrier","gate"
1321213177000,140770594,"highway","motorway_junction"
1321213177000,140770594,"ref","233"
1717097417000,140770623,"highway","traffic_signals"
1717097417000,140770623,"traffic_signals","traffic_lights"
1717710367000,140770981,"highway","motorway_junction"
1717710367000,140770981,"ref","228"
1457244313000,140771171,"traffic_calming","hump"
1687967160000,140772155,"highway","motorway_junction"
1687967160000,140772155,"ref","159C-B"
1688621436000,140772162,"highway","motorway_junction"
1688621436000,140772162,"ref","159C;159B"
1688621436000,140772162,"ref:left","159C"
1688621436000,140772162,"ref:right","159B"
1734589672000,140772308,"highway","motorway_junction"
1734589672000,140772308,"ref","226B-A"
1688635821000,140772317,"highway","motorway_junction"
1688635821000,140772317,"ref","226B;226A"
1688635821000,140772317,"ref:left","226B"
1688635821000,140772317,"ref:right","226A"
1610397241000,140772477,"highway","motorway_junction"
1610397241000,140772477,"ref","220"
1737621142000,140772568,"highway","turning_circle"
1498606895000,140773602,"highway","turning_circle"
1255579958000,140774324,"highway","turning_circle"
1255579958000,140774324,"source","Yahoo"
1477150435000,140774490,"noexit","yes"
1477150435000,140774502,"noexit","yes"
1421853735000,140774612,"highway","turning_circle"
1360339297000,140774688,"highway","turning_circle"
1616103061000,140776423,"highway","turning_circle"
1347705295000,140776480,"highway","motorway_junction"
1347705295000,140776480,"ref","160"
1352438598000,140777131,"highway","turning_circle"
1688979447000,140777158,"highway","motorway_junction"
1688979447000,140777158,"ref","161"
1321213177000,140777328,"highway","motorway_junction"
1321213177000,140777328,"ref","209"
1391575123000,140778680,"highway","turning_circle"
1352438598000,140779794,"highway","turning_circle"
1347705295000,140780534,"highway","motorway_junction"
1347705295000,140780534,"ref","154"
1696398899000,140780790,"crossing","marked"
1696398899000,140780790,"crossing:markings","yes"
1696398899000,140780790,"highway","crossing"
1696398899000,140780790,"kerb","flush"
1696398899000,140780790,"source","survey"
1696398899000,140780790,"tactile_paving","yes"
1717097417000,140781593,"highway","traffic_signals"
1717097417000,140781593,"source","Bing"
1717097417000,140781593,"traffic_signals","traffic_lights"
1723209409000,140781612,"highway","traffic_signals"
1723209409000,140781612,"source","survey"
1723209409000,140781612,"traffic_signals","traffic_lights"
1542092272000,140782976,"barrier","gate"
1346140560000,140783776,"highway","motorway_junction"
1346140560000,140783776,"ref","226A-B"
1688548934000,140783785,"highway","motorway_junction"
1688548934000,140783785,"ref","226A;226B"
1688548934000,140783785,"ref:left","226A"
1688548934000,140783785,"ref:right","226B"
1517803106000,140786383,"highway","motorway_junction"
1517803106000,140786383,"ref","181"
1705507264000,140786809,"highway","turning_loop"
1477150436000,140787604,"noexit","yes"
1477150436000,140787659,"noexit","yes"
1347705295000,140787742,"highway","motorway_junction"
1347705295000,140787742,"ref","164"
1690816326000,140788417,"highway","turning_circle"
1353188531000,140790892,"highway","turning_circle"
1708702817000,140792101,"highway","traffic_signals"
1450868399000,140792695,"barrier","gate"
1255825902000,140794114,"highway","turning_circle"
1542092272000,140794331,"barrier","gate"
1573519475000,140795725,"destination:old_ref","US 66"
1573519475000,140795725,"destination:ref","NM 556"
1573519475000,140795725,"destination:street","Tramway Boulevard;Central Avenue"
1573519475000,140795725,"highway","motorway_junction"
1573519475000,140795725,"ref","167"
1390181514000,140798012,"highway","turning_circle"
1696398899000,140798030,"crossing","marked"
1696398899000,140798030,"crossing:markings","yes"
1696398899000,140798030,"highway","crossing"
1696398899000,140798030,"kerb","flush"
1696398899000,140798030,"tactile_paving","yes"
1723828897000,140798888,"crossing","unmarked"
1723828897000,140798888,"crossing:markings","no"
1723828897000,140798888,"highway","crossing"
1662476593000,140799187,"barrier","gate"
1391575124000,140799282,"highway","turning_circle"
1347705295000,140799903,"highway","motorway_junction"
1347705295000,140799903,"ref","159A"
1717097417000,140799931,"highway","traffic_signals"
1717097417000,140799931,"traffic_signals","traffic_lights"
1455976473000,140799944,"highway","traffic_signals"
1343256664000,140799947,"highway","traffic_signals"
1717097417000,140800498,"highway","traffic_signals"
1717097417000,140800498,"traffic_signals","traffic_lights"
1713199402000,140800989,"check_date","2024-04-15"
1713199402000,140800989,"colour","brown"
1713199402000,140800989,"direction","30"
1713199402000,140800989,"ele","2427"
1713199402000,140800989,"hiking","yes"
1713199402000,140800989,"horse","yes"
1713199402000,140800989,"information","guidepost"
1713199402000,140800989,"inscription","← CHALLENGE TR. NO. 233 →"
1713199402000,140800989,"mtb","yes"
1713199402000,140800989,"source","survey;gps"
1713199402000,140800989,"support","post"
1713199402000,140800989,"tourism","information"
1689930116000,140801969,"highway","motorway_junction"
1689930116000,140801969,"ref","153"
1522353453000,140802529,"highway","turning_circle"
1519140067000,140802553,"railway","level_crossing"
1679648042000,140802891,"highway","motorway_junction"
1679648042000,140802891,"ref","159B-C"
1519494176000,140802897,"highway","motorway_junction"
1519494176000,140802897,"ref:left","159B"
1519494176000,140802897,"ref:right","159C"
1638793473000,140803558,"highway","motorway_junction"
1638793473000,140803558,"name","Carnuel"
1638793473000,140803558,"ref","170"
1572658992000,140804777,"highway","traffic_signals"
1572658992000,140804777,"source","survey"
1599842417000,140805015,"highway","turning_circle"
1705507264000,140805057,"highway","turning_loop"
1615251421000,140805075,"highway","turning_circle"
1343418468000,140805158,"highway","turning_circle"
1477150436000,140805220,"noexit","yes"
1434333679000,140805474,"highway","motorway_junction"
1434333679000,140805474,"ref","234"
1734741964000,140805504,"highway","traffic_signals"
1734741964000,140805504,"traffic_signals","traffic_lights"
1734741964000,140805504,"traffic_signals:direction","forward"
1506880832000,140805753,"highway","turning_circle"
1624148336000,140806134,"highway","stop"
1616865167000,140806142,"highway","turning_circle"
1721327942000,140806173,"highway","turning_circle"
1400857480000,140806188,"highway","motorway_junction"
1400857480000,140806188,"ref","166"
1732295902000,140806223,"crossing","uncontrolled"
1732295902000,140806223,"highway","crossing"
1573602745000,140806225,"highway","traffic_signals"
1345652926000,140806712,"highway","motorway_junction"
1345652926000,140806712,"ref","224A"
1504666475000,140806843,"highway","motorway_junction"
1504666475000,140806843,"ref","232"
1591690631000,140807304,"barrier","gate"
1662534264000,140807412,"barrier","gate"
1347705296000,140807436,"highway","motorway_junction"
1347705296000,140807436,"ref","157B"
1624684038000,140807497,"crossing","marked"
1624684038000,140807497,"highway","crossing"
1477150436000,140807541,"noexit","yes"
1347705297000,140807881,"highway","motorway_junction"
1347705297000,140807881,"ref","157A"
1347145591000,140807890,"highway","traffic_signals"
1347145591000,140807890,"source","Bing"
1517803106000,140808227,"highway","motorway_junction"
1517803106000,140808227,"ref","155"
1688554188000,140808229,"highway","motorway_junction"
1450899138000,140808621,"barrier","gate"
1450899138000,140808623,"barrier","gate"
1638719999000,140808736,"highway","motorway_junction"
1638719999000,140808736,"name","Tijeras"
1638719999000,140808736,"ref","175"
1734587336000,140808914,"highway","motorway_junction"
1734587336000,140808914,"ref","230"
1659651298000,140811259,"highway","turning_circle"
1346140560000,140811512,"highway","motorway_junction"
1346140560000,140811512,"ref","222A"
1488493876000,140811635,"highway","stop"
1700454430000,140811677,"highway","motorway_junction"
1700454430000,140811677,"ref","170"
1400857482000,140811916,"highway","motorway_junction"
1400857482000,140811916,"ref","166"
1732221773000,140811983,"crossing","unmarked"
1732221773000,140811983,"crossing:markings","no"
1732221773000,140811983,"highway","crossing"
1717097417000,140812391,"highway","traffic_signals"
1717097417000,140812391,"traffic_signals","traffic_lights"
1542033062000,140812405,"barrier","gate"
1599931233000,140812489,"highway","crossing"
1599931233000,140812489,"traffic_calming","hump"
1736438187000,140812748,"check_date","2024-12-18"
1736438187000,140812748,"colour","brown"
1736438187000,140812748,"direction","60"
1736438187000,140812748,"ele","2002"
1736438187000,140812748,"hiking","yes"
1736438187000,140812748,"horse","yes"
1736438187000,140812748,"information","guidepost"
1736438187000,140812748,"inscription","05411 BIRDHOUSE RIDGE ↗︎"
1736438187000,140812748,"mtb","yes"
1736438187000,140812748,"source","survey;gps"
1736438187000,140812748,"tourism","information"
1733717172000,140813025,"highway","motorway_junction"
1733717172000,140813025,"ref","227"
1563739990000,140813610,"highway","motorway_junction"
1563739990000,140813610,"ref","230"
1717618888000,140813666,"check_date","2024-06-05"
1717618888000,140813666,"colour","brown"
1717618888000,140813666,"ele","3146"
1717618888000,140813666,"information","route_marker"
1717618888000,140813666,"material","wood"
1717618888000,140813666,"source","survey;gps"
1717618888000,140813666,"support","post"
1717618888000,140813666,"tourism","information"
1730778574000,140813677,"name","Snowshoe Classic Turnaround"
1721239296000,140813965,"highway","turning_circle"
1721239296000,140813968,"highway","turning_circle"
1591799572000,140814078,"barrier","gate"
1717097417000,140814351,"highway","traffic_signals"
1717097417000,140814351,"traffic_signals","traffic_lights"
1717097417000,140814351,"traffic_signals:direction","forward"
1343272451000,140814356,"highway","traffic_signals"
1402535389000,140814416,"highway","traffic_signals"
1573605867000,140814553,"highway","turning_circle"
1616103061000,140814741,"highway","turning_circle"
1343287461000,140815907,"highway","turning_circle"
1737210728000,140815951,"access:delivery","no"
1737210728000,140815951,"barrier","bollard"
1693636392000,140816418,"highway","motorway_junction"
1693636392000,140816418,"ref","158"
1542033062000,140816547,"barrier","gate"
1677705838000,140816626,"highway","stop"
1677705838000,140816626,"stop","minor"
1472328985000,140817166,"barrier","gate"
1472328985000,140817166,"source","Bing"
1638719999000,140817330,"highway","motorway_junction"
1638719999000,140817330,"name","Zuzax"
1638719999000,140817330,"ref","178"
1733716673000,140818044,"highway","motorway_junction"
1733716673000,140818044,"ref","232"
1733718153000,140818065,"highway","motorway_junction"
1733718153000,140818065,"ref","231"
1321213179000,140818573,"highway","motorway_junction"
1321213179000,140818573,"ref","229"
1351648699000,140818616,"highway","turning_circle"
1346904679000,140818626,"highway","traffic_signals"
1732556883000,140818658,"highway","turning_circle"
1419495067000,140818692,"highway","turning_circle"
1342646623000,140818786,"highway","turning_circle"
1334610057000,140818901,"highway","turning_circle"
1735290782000,140818908,"highway","traffic_signals"
1735290782000,140818908,"source","survey"
1731183606000,140818949,"highway","turning_circle"
1722461825000,140818962,"highway","turning_circle"
1722461825000,140818982,"crossing","unmarked"
1722461825000,140818982,"crossing:markings","no"
1722461825000,140818982,"highway","crossing"
1722447974000,140818997,"highway","turning_circle"
1500157564000,140819230,"highway","turning_circle"
1430355712000,140819261,"highway","turning_circle"
1342818104000,140819282,"highway","turning_circle"
1726764541000,140819364,"highway","turning_circle"
1335801658000,140819704,"highway","turning_circle"
1522352954000,140819881,"highway","turning_circle"
1607986041000,140820020,"traffic_calming","hump"
1717097417000,140820303,"highway","traffic_signals"
1717097417000,140820303,"traffic_signals","traffic_lights"
1729714991000,140820305,"traffic_calming","hump"
1353186216000,140820345,"highway","turning_circle"
1645169084000,140820385,"highway","turning_circle"
1506398869000,140820546,"highway","turning_circle"
1539923272000,140820701,"highway","turning_circle"
1345699291000,140820746,"highway","turning_circle"
1505797206000,140820777,"highway","turning_circle"
1504921205000,140820847,"highway","turning_circle"
1625031893000,140821040,"highway","turning_circle"
1732047586000,140821047,"highway","turning_circle"
1504682496000,140821153,"highway","turning_circle"
1522352212000,140821279,"highway","turning_circle"
1260168938000,140821306,"highway","turning_circle"
1260168938000,140821306,"source","Yahoo"
1343226309000,140821334,"highway","traffic_signals"
1343226309000,140821334,"source","Bing"
1477150437000,140821362,"highway","traffic_signals"
1724179770000,140821479,"highway","turning_circle"
1363278936000,140821490,"highway","turning_circle"
1726419827000,140821538,"highway","turning_circle"
1343231043000,140821605,"highway","traffic_signals"
1343231043000,140821605,"source","Bing"
1343418468000,140821985,"highway","turning_circle"
1542589092000,140822051,"highway","turning_circle"
1527105061000,140822069,"traffic_calming","hump"
1527105061000,140822071,"traffic_calming","hump"
1717097417000,140822287,"highway","traffic_signals"
1717097417000,140822287,"source","Bing"
1717097417000,140822287,"traffic_signals","traffic_lights"
1352959512000,140822294,"highway","traffic_signals"
1352959512000,140822294,"source","Bing"
1717097417000,140822306,"highway","traffic_signals"
1717097417000,140822306,"source","Bing"
1717097417000,140822306,"traffic_signals","traffic_lights"
1717097417000,140822314,"highway","traffic_signals"
1717097417000,140822314,"traffic_signals","traffic_lights"
1365550000000,140822326,"highway","traffic_signals"
1717097417000,140822361,"highway","traffic_signals"
1717097417000,140822361,"traffic_signals","traffic_lights"
1395714603000,140822433,"highway","turning_circle"
1732544480000,140822447,"traffic_calming","bump"
1522352954000,140822505,"highway","turning_circle"
1598204029000,140822524,"highway","turning_circle"
1727987226000,140822655,"highway","turning_circle"
1727987226000,140822657,"highway","turning_circle"
1340910833000,140822668,"highway","turning_circle"
1719585300000,140822702,"highway","turning_circle"
1343966779000,140822718,"highway","turning_circle"
1719585300000,140822726,"highway","turning_circle"
1363308450000,140822741,"highway","turning_circle"
1343287461000,140822751,"highway","turning_circle"
1671485772000,140823127,"noexit","yes"
1419514703000,140823188,"highway","turning_circle"
1725458628000,140823236,"highway","turning_circle"
1600376946000,140823285,"highway","traffic_signals"
1724338243000,140823333,"highway","turning_circle"
1724338243000,140823345,"highway","turning_circle"
1342678161000,140823359,"highway","turning_circle"
1343435723000,140823477,"highway","turning_circle"
1343435723000,140823483,"highway","turning_circle"
1421985562000,140823508,"highway","turning_circle"
1403627896000,140823525,"highway","turning_circle"
1418668258000,140823532,"highway","turning_circle"
1414545938000,140823540,"highway","turning_circle"
1645169084000,140823569,"highway","turning_circle"
1341797432000,140823644,"highway","turning_circle"
1601386306000,140823655,"traffic_calming","hump"
1419961646000,140823665,"highway","turning_circle"
1342210932000,140823740,"highway","turning_circle"
1724339871000,140823742,"highway","turning_circle"
1428790726000,140823761,"highway","turning_circle"
1501234008000,140823795,"highway","turning_circle"
1717097417000,140823847,"highway","traffic_signals"
1717097417000,140823847,"traffic_signals","traffic_lights"
1717097417000,140823851,"highway","traffic_signals"
1717097417000,140823851,"source","Bing"
1717097417000,140823851,"traffic_signals","traffic_lights"
1343231043000,140823858,"highway","traffic_signals"
1343231043000,140823858,"source","Bing"
1717097417000,140823907,"highway","traffic_signals"
1717097417000,140823907,"traffic_signals","traffic_lights"
1440026370000,140823932,"highway","traffic_signals"
1440026370000,140823932,"source","Bing"
1440026370000,140823949,"highway","traffic_signals"
1440026370000,140823949,"source","Bing"
1676692264000,140823974,"highway","traffic_signals"
1717097417000,140823988,"highway","traffic_signals"
1717097417000,140823988,"source","survey"
1717097417000,140823988,"traffic_signals","traffic_lights"
1676692264000,140824036,"highway","traffic_signals"
1676692264000,140824036,"source","survey"
1730395198000,140824053,"highway","traffic_signals"
1730395198000,140824053,"source","Bing"
1730395198000,140824053,"traffic_signals","traffic_lights"
1717097417000,140824055,"highway","traffic_signals"
1717097417000,140824055,"source","Bing"
1717097417000,140824055,"traffic_signals","traffic_lights"
1504845992000,140824092,"highway","turning_circle"
1477150437000,140824178,"highway","turning_circle"
1683406559000,140824207,"highway","turning_circle"
1528145690000,140824308,"source","Bing, site_visit"
1528145690000,140824308,"traffic_calming","hump"
1637651341000,140824471,"access:delivery","no"
1637651341000,140824471,"barrier","gate"
1480918807000,140824491,"traffic_calming","hump"
1504921205000,140824542,"highway","turning_circle"
1615392150000,140824553,"highway","turning_circle"
1734641506000,140824612,"barrier","gate"
1734641506000,140824612,"source","survey;gps"
1418828420000,140824989,"highway","turning_circle"
1473226125000,140825120,"highway","turning_circle"
1457548511000,140825226,"highway","turning_circle"
1725979333000,140825232,"highway","turning_circle"
1357032347000,140825239,"highway","turning_circle"
1342818103000,140825317,"highway","turning_circle"
1342676831000,140825468,"highway","turning_circle"
1727198656000,140825512,"highway","turning_circle"
1727286292000,140825671,"highway","turning_circle"
1516841049000,140825814,"highway","turning_circle"
1342054851000,140825939,"highway","turning_circle"
1684511647000,140825986,"highway","turning_circle"
1343782749000,140825989,"highway","turning_circle"
1704744225000,140826081,"highway","turning_loop"
1704744225000,140826083,"highway","turning_loop"
1704744225000,140826083,"junction","roundabout"
1684442502000,140826195,"highway","turning_circle"
1684442502000,140826210,"highway","turning_circle"
1419496282000,140826331,"highway","turning_circle"
1671488135000,140826345,"highway","turning_circle"
1320844568000,140826424,"highway","turning_circle"
1721239296000,140826472,"highway","turning_circle"
1256964663000,140826554,"highway","turning_circle"
1256964663000,140826554,"source","Yahoo"
1607121160000,140826583,"highway","turning_circle"
1615392150000,140826651,"highway","turning_circle"
1701456429000,140826666,"highway","turning_circle"
1416078476000,140826844,"traffic_calming","hump"
1343894876000,140826877,"highway","traffic_signals"
1369975610000,140826891,"highway","traffic_signals"
1441466803000,140826915,"highway","traffic_signals"
1441466803000,140826915,"source","survey"
1441489271000,140826942,"highway","traffic_signals"
1717097417000,140827016,"highway","traffic_signals"
1717097417000,140827016,"traffic_signals","traffic_lights"
1440646660000,140827023,"highway","traffic_signals"
1440646660000,140827023,"source","survey"
1717097417000,140827047,"highway","traffic_signals"
1717097417000,140827047,"traffic_signals","traffic_lights"
1480717613000,140827487,"highway","turning_circle"
1717097417000,140827510,"highway","traffic_signals"
1717097417000,140827510,"traffic_signals","traffic_lights"
1732047586000,140827571,"highway","turning_circle"
1732050163000,140827593,"highway","turning_circle"
1419136558000,140827608,"highway","turning_circle"
1344277694000,140827674,"highway","traffic_signals"
1344277694000,140827674,"source","survey"
1394485288000,140827716,"highway","traffic_signals"
1394485288000,140827716,"source","survey"
1717097417000,140827737,"highway","traffic_signals"
1717097417000,140827737,"source","Bing"
1717097417000,140827737,"traffic_signals","traffic_lights"
1717097417000,140827744,"highway","traffic_signals"
1717097417000,140827744,"source","Bing"
1717097417000,140827744,"traffic_signals","traffic_lights"
1652696012000,140827758,"highway","traffic_signals"
1652696012000,140827758,"source","Bing"
1345691953000,140827766,"highway","traffic_signals"
1345691953000,140827766,"source","Bing"
1339760868000,140827770,"highway","traffic_signals"
1339760868000,140827770,"source","Bing"
1338422001000,140827784,"highway","traffic_signals"
1338422001000,140827784,"source","Bing"
1338241011000,140827790,"highway","traffic_signals"
1338241011000,140827790,"source","Bing"
1339760868000,140827796,"highway","traffic_signals"
1339760868000,140827796,"source","Bing"
1343654920000,140827807,"highway","traffic_signals"
1343654920000,140827807,"source","survey"
1405780310000,140827847,"highway","traffic_signals"
1405780310000,140827847,"source","Bing"
1516832455000,140827879,"highway","turning_circle"
1458867278000,140827887,"highway","turning_circle"
1418030541000,140827893,"traffic_calming","hump"
1343276106000,140828189,"highway","turning_circle"
1628744080000,140828388,"noexit","yes"
1717097417000,140828403,"highway","traffic_signals"
1717097417000,140828403,"traffic_signals","traffic_lights"
1625031893000,140828412,"traffic_calming","hump"
1342562704000,140828483,"highway","turning_circle"
1684435038000,140828520,"highway","turning_circle"
1342564373000,140828687,"highway","turning_circle"
1419417325000,140828697,"highway","turning_circle"
1418043176000,140828855,"highway","turning_circle"
1636597034000,140829012,"highway","turning_circle"
1676333725000,140829073,"direction","both"
1676333725000,140829073,"highway","stop"
1676333725000,140829073,"stop","all"
1256964663000,140829166,"highway","turning_circle"
1684858995000,140829268,"highway","turning_circle"
1684858995000,140829276,"highway","turning_circle"
1341000828000,140829349,"highway","turning_circle"
1451234030000,140829363,"highway","turning_circle"
1691085499000,140829369,"highway","turning_circle"
1504759512000,140829478,"highway","turning_circle"
1334614050000,140829484,"highway","turning_circle"
1343287462000,140829505,"highway","turning_circle"
1506571202000,140829611,"highway","turning_circle"
1684511647000,140829678,"highway","turning_circle"
1528214248000,140829697,"highway","turning_circle"
1721402316000,140829816,"highway","turning_circle"
1727196991000,140829832,"highway","turning_circle"
1727196991000,140829832,"source","Yahoo"
1599873972000,140829842,"highway","turning_circle"
1599873972000,140829843,"highway","turning_circle"
1341006459000,140829924,"highway","turning_circle"
1516840364000,140829930,"highway","turning_circle"
1727186440000,140829963,"highway","turning_circle"
1684853907000,140830090,"highway","turning_circle"
1730987939000,140830100,"highway","turning_circle"
1730987939000,140830106,"highway","turning_circle"
1389517155000,140830135,"highway","turning_circle"
1341972845000,140830136,"highway","turning_circle"
1340917442000,140830169,"highway","traffic_signals"
1717097417000,140830178,"highway","traffic_signals"
1717097417000,140830178,"source","survey"
1717097417000,140830178,"traffic_signals","traffic_lights"
1717097417000,140830180,"highway","traffic_signals"
1717097417000,140830180,"source","Bing"
1717097417000,140830180,"traffic_signals","traffic_lights"
1717097417000,140830183,"highway","traffic_signals"
1717097417000,140830183,"source","Bing"
1717097417000,140830183,"traffic_signals","traffic_lights"
1717097417000,140830185,"highway","traffic_signals"
1717097417000,140830185,"source","Bing"
1717097417000,140830185,"traffic_signals","traffic_lights"
1342791964000,140830187,"highway","traffic_signals"
1342791964000,140830187,"source","Bing"
1717097417000,140830192,"highway","traffic_signals"
1717097417000,140830192,"source","Bing"
1717097417000,140830192,"traffic_signals","traffic_lights"
1727459792000,140830393,"highway","turning_circle"
1583143368000,140830427,"highway","turning_circle"
1724339871000,140830448,"highway","turning_circle"
1654721606000,140830497,"barrier","gate"
1654721606000,140830497,"bicycle","private"
1654721606000,140830497,"foot","private"
1654721606000,140830497,"horse","private"
1654721606000,140830497,"motor_vehicle","private"
1654721606000,140830497,"source","survey;gps"
1446881068000,140830534,"highway","turning_circle"
1705951722000,140830541,"highway","turning_circle"
1419417325000,140830613,"highway","turning_circle"
1428790726000,140830666,"highway","turning_circle"
1730742555000,140830913,"highway","turning_circle"
1409374065000,140830921,"highway","turning_circle"
1342678162000,140831004,"highway","turning_circle"
1421024180000,140831035,"highway","turning_circle"
1717097417000,140831054,"highway","traffic_signals"
1717097417000,140831054,"source","Bing"
1717097417000,140831054,"traffic_signals","traffic_lights"
1717097417000,140831064,"highway","traffic_signals"
1717097417000,140831064,"source","survey"
1717097417000,140831064,"traffic_signals","traffic_lights"
1351113263000,140831067,"highway","traffic_signals"
1351113263000,140831067,"source","survey"
1348283233000,140831069,"highway","traffic_signals"
1348283233000,140831069,"source","survey"
1353109801000,140831071,"highway","traffic_signals"
1353109801000,140831071,"source","survey"
1353109801000,140831074,"highway","traffic_signals"
1353109801000,140831074,"source","survey"
1353109801000,140831077,"highway","traffic_signals"
1353109801000,140831077,"source","survey"
1731174762000,140831108,"highway","turning_circle"
1731174762000,140831114,"highway","turning_circle"
1731174762000,140831127,"highway","turning_circle"
1731174762000,140831132,"highway","turning_circle"
1726757039000,140831324,"highway","turning_circle"
1441466802000,140831343,"source","Bing"
1441466802000,140831343,"traffic_calming","hump"
1342676832000,140831412,"highway","turning_circle"
1728056904000,140831421,"highway","turning_circle"
1731183606000,140831481,"highway","turning_circle"
1730742555000,140831660,"highway","turning_circle"
1730742555000,140831660,"source","Yahoo"
1730742555000,140831662,"highway","turning_circle"
1730742555000,140831662,"source","Yahoo"
1562704074000,140831683,"highway","traffic_signals"
1467614547000,140831776,"highway","turning_circle"
1506398869000,140831797,"highway","turning_circle"
1343439824000,140831847,"highway","turning_circle"
1458623904000,140831860,"highway","turning_circle"
1458623904000,140831875,"highway","turning_circle"
1516841049000,140831897,"highway","turning_circle"
1721050098000,140831905,"highway","turning_circle"
1721050098000,140831905,"source","Yahoo"
1726776863000,140831941,"highway","turning_circle"
1563673747000,140832026,"highway","traffic_signals"
1615863294000,140832047,"highway","turning_circle"
1615863294000,140832106,"highway","turning_circle"
1419515336000,140832165,"highway","turning_circle"
1632591003000,140832218,"noexit","yes"
1356709628000,140832260,"highway","turning_circle"
1470130544000,140832278,"highway","turning_circle"
1354960814000,140832285,"highway","turning_circle"
1354960814000,140832296,"highway","turning_circle"
1730391949000,140832319,"highway","turning_circle"
1684511647000,140832331,"highway","turning_circle"
1616865167000,140832348,"highway","turning_circle"
1725392094000,140832354,"highway","turning_circle"
1725392094000,140832361,"highway","turning_circle"
1695664299000,140832413,"highway","turning_circle"
1695664299000,140832424,"highway","turning_circle"
1724339871000,140832434,"highway","turning_circle"
1365518531000,140832535,"highway","turning_circle"
1348936569000,140832630,"highway","turning_circle"
1348936569000,140832630,"source","Yahoo"
1682448703000,140832647,"highway","turning_circle"
1343966783000,140832745,"highway","turning_circle"
1721326812000,140832755,"highway","turning_circle"
1342646624000,140832815,"highway","turning_circle"
1389348312000,140832860,"highway","turning_circle"
1409298301000,140832883,"highway","turning_circle"
1409298301000,140832883,"source","Yahoo"
1409298301000,140832904,"highway","turning_circle"
1724263100000,140832914,"highway","turning_circle"
1724263100000,140832917,"highway","turning_circle"
1721839240000,140832944,"highway","turning_circle"
1423555319000,140833047,"highway","turning_circle"
1371369931000,140833106,"highway","turning_circle"
1615266738000,140833130,"highway","turning_circle"
1715587820000,140833143,"addr:state","NM"
1715587820000,140833143,"ele","1522"
1715587820000,140833143,"gnis:feature_id","915204"
1715587820000,140833143,"highway","turning_circle"
1342054852000,140833525,"highway","turning_circle"
1342685106000,140833738,"highway","turning_circle"
1729873352000,140833753,"crossing","unmarked"
1729873352000,140833753,"crossing:markings","no"
1729873352000,140833753,"highway","crossing"
1498606896000,140833902,"highway","turning_circle"
1727445555000,140834016,"highway","turning_circle"
1727445555000,140834016,"source","Yahoo"
1563739990000,140834077,"highway","traffic_signals"
1717097417000,140834079,"highway","traffic_signals"
1717097417000,140834079,"traffic_signals","traffic_lights"
1452116587000,140834087,"highway","traffic_signals"
1419138620000,140834104,"highway","turning_circle"
1509483628000,140834120,"highway","turning_circle"
1717097417000,140834151,"highway","traffic_signals"
1717097417000,140834151,"traffic_signals","traffic_lights"
1736385031000,140834191,"highway","traffic_signals"
1736385031000,140834191,"source","survey"
1345089248000,140834220,"highway","traffic_signals"
1345089248000,140834220,"source","survey"
1727588701000,140834242,"highway","traffic_signals"
1727588701000,140834242,"source","Bing"
1727588701000,140834261,"highway","traffic_signals"
1727588701000,140834261,"source","Bing"
1727588701000,140834261,"traffic_signals","traffic_lights"
1363791934000,140834372,"highway","traffic_signals"
1347126566000,140834383,"highway","traffic_signals"
1344530617000,140834412,"highway","traffic_signals"
1344530618000,140834450,"highway","traffic_signals"
1344530618000,140834450,"source","Bing"
1344530619000,140834479,"highway","traffic_signals"
1344530619000,140834479,"source","Bing"
1344530619000,140834491,"highway","traffic_signals"
1344530619000,140834491,"source","Bing"
1344530619000,140834533,"highway","traffic_signals"
1344530619000,140834533,"source","Bing"
1433861507000,140834571,"highway","traffic_signals"
1717097417000,140834627,"highway","traffic_signals"
1717097417000,140834627,"traffic_signals","traffic_lights"
1615266738000,140834636,"highway","stop"
1615266738000,140834636,"stop","all"
1717097417000,140834775,"highway","traffic_signals"
1717097417000,140834775,"source","Bing"
1717097417000,140834775,"traffic_signals","traffic_lights"
1346140560000,140834780,"highway","motorway_junction"
1346140560000,140834780,"ref","225"
1723474669000,140834782,"highway","traffic_signals"
1723474669000,140834782,"source","Bing"
1723474669000,140834782,"traffic_signals","traffic_lights"
1692129827000,140834987,"crossing","unmarked"
1692129827000,140834987,"crossing:markings","no"
1692129827000,140834987,"highway","crossing"
1722443157000,140835119,"highway","traffic_signals"
1722443157000,140835119,"source","Bing"
1476062551000,140835123,"traffic_calming","hump"
1387259531000,140835413,"highway","turning_circle"
1395893858000,140835417,"highway","turning_circle"
1355869822000,140835428,"highway","turning_circle"
1353098972000,140835450,"highway","turning_circle"
1724258055000,140835458,"highway","turning_circle"
1724258055000,140835461,"highway","turning_circle"
1344531177000,140835470,"highway","turning_circle"
1730742555000,140835623,"highway","turning_circle"
1342667358000,140835641,"highway","traffic_signals"
1542665960000,140835794,"highway","turning_circle"
1542589093000,140835801,"highway","turning_circle"
1338200506000,140835864,"highway","traffic_signals"
1338200506000,140835864,"source","Bing"
1472328986000,140836026,"highway","turning_circle"
1472328986000,140836026,"source","Bing"
1387865766000,140836034,"highway","turning_circle"
1343339073000,140836167,"highway","turning_circle"
1343339073000,140836173,"highway","turning_circle"
1725393205000,140836247,"highway","turning_circle"
1255322805000,140836343,"highway","turning_circle"
1255322805000,140836343,"source","Yahoo"
1738065862000,140836383,"highway","turning_circle"
1256706327000,140836439,"highway","turning_circle"
1256706327000,140836439,"source","Yahoo"
1726086498000,140836640,"highway","turning_circle"
1479398823000,140836672,"highway","turning_circle"
1479398823000,140836672,"source","Yahoo"
1721328330000,140836773,"highway","turning_circle"
1602108857000,140836788,"highway","turning_circle"
1602108857000,140836788,"source","Yahoo"
1423555319000,140836856,"highway","turning_circle"
1320844567000,140836914,"highway","turning_circle"
1389517154000,140836948,"highway","turning_circle"
1446881068000,140837040,"highway","turning_circle"
1446881068000,140837040,"source","Yahoo"
1357032329000,140837047,"highway","turning_circle"
1615392150000,140837085,"highway","turning_circle"
1730742555000,140837126,"highway","turning_circle"
1730742555000,140837126,"source","Yahoo"
1339936077000,140837199,"highway","traffic_signals"
1339936077000,140837199,"source","Bing"
1363058056000,140837233,"highway","turning_circle"
1363058056000,140837233,"source","Yahoo"
1526942040000,140837248,"highway","traffic_signals"
1357032329000,140837340,"highway","turning_circle"
1419065689000,140837415,"highway","turning_circle"
1732047586000,140837455,"highway","turning_circle"
1732047586000,140837455,"source","Yahoo"
1616103061000,140837465,"highway","turning_circle"
1483554609000,140837474,"junction","roundabout"
1446876546000,140837663,"highway","turning_circle"
1569563328000,140837696,"highway","turning_circle"
1441293820000,140837705,"highway","turning_circle"
1733696093000,140837739,"highway","turning_circle"
1338238359000,140837787,"highway","traffic_signals"
1338238359000,140837787,"source","Bing"
1682439483000,140837875,"crossing","unmarked"
1682439483000,140837875,"crossing:markings","no"
1682439483000,140837875,"highway","crossing"
1384642397000,140837886,"highway","turning_circle"
1457649506000,140837998,"noexit","yes"
1419065689000,140838023,"traffic_calming","hump"
1419065689000,140838029,"traffic_calming","hump"
1622413556000,140838059,"highway","turning_circle"
1340910832000,140838064,"highway","turning_circle"
1684435038000,140838083,"highway","turning_circle"
1342039577000,140838189,"highway","turning_circle"
1517803106000,140838641,"highway","motorway_junction"
1517803106000,140838641,"ref","181"
1726843095000,140838744,"highway","turning_circle"
1343418468000,140838780,"highway","turning_circle"
1729869685000,140838792,"highway","turning_circle"
1516841049000,140839011,"highway","turning_circle"
1371371385000,140839015,"highway","turning_circle"
1395893858000,140839124,"highway","turning_circle"
1725459830000,140839313,"highway","turning_circle"
1556850030000,140839389,"highway","give_way"
1607725687000,140839542,"highway","turning_circle"
1504055992000,140839582,"highway","turning_circle"
1730749466000,140839676,"highway","turning_circle"
1730742555000,140839691,"traffic_calming","hump"
1730742555000,140839702,"traffic_calming","hump"
1348336523000,140839843,"highway","turning_circle"
1727114159000,140839880,"highway","turning_circle"
1727114159000,140839889,"crossing","unmarked"
1727114159000,140839889,"crossing:markings","no"
1727114159000,140839889,"highway","crossing"
1254102178000,140839970,"highway","turning_circle"
1254102178000,140839970,"source","Yahoo"
1733696093000,140840001,"highway","turning_circle"
1363218782000,140840010,"highway","turning_circle"
1505797206000,140840069,"highway","turning_circle"
1341269990000,140840163,"highway","turning_circle"
1419491648000,140840289,"highway","turning_circle"
1452123018000,140840295,"noexit","yes"
1343441596000,140840345,"highway","turning_circle"
1343441596000,140840349,"highway","turning_circle"
1596476296000,140840432,"highway","turning_circle"
1731253718000,140840594,"highway","turning_circle"
1257008758000,140840629,"highway","turning_circle"
1257008758000,140840629,"source","Yahoo"
1726677715000,140840660,"traffic_calming","hump"
1726677715000,140840670,"traffic_calming","hump"
1726677715000,140840671,"traffic_calming","hump"
1516841049000,140840689,"highway","turning_circle"
1717714346000,140840736,"highway","traffic_signals"
1717714346000,140840736,"source","survey"
1717712066000,140840791,"highway","traffic_signals"
1717712066000,140840791,"source","survey"
1504669578000,140840862,"highway","turning_circle"
1343441597000,140841013,"highway","turning_circle"
1446258622000,140841089,"highway","traffic_signals"
1726777114000,140841281,"highway","turning_circle"
1363218781000,140841387,"highway","turning_circle"
1723836456000,140841419,"traffic_calming","hump"
1719585300000,140841442,"highway","turning_circle"
1371369933000,140841456,"highway","traffic_signals"
1471092174000,140841695,"source","Bing"
1471092174000,140841695,"traffic_calming","hump"
1371267027000,140841718,"highway","turning_circle"
1337499305000,140841774,"highway","turning_circle"
1644303185000,140841782,"barrier","yes"
1472334991000,140841810,"traffic_calming","island"
1533791042000,140841824,"highway","traffic_signals"
1662440652000,140841906,"highway","turning_circle"
1341002479000,140841954,"highway","turning_circle"
1591540061000,140841962,"highway","turning_circle"
1591540061000,140841969,"highway","turning_circle"
1408239236000,140842007,"highway","turning_circle"
1343861893000,140842166,"highway","turning_circle"
1727987226000,140842207,"highway","turning_circle"
1727987226000,140842207,"source","Yahoo"
1353811556000,140842268,"highway","traffic_signals"
1353811556000,140842268,"source","Bing"
1352609080000,140842307,"highway","traffic_signals"
1352609080000,140842307,"source","Bing"
1709052805000,140842330,"barrier","gate"
1709052805000,140842330,"locked","yes"
1709052805000,140842330,"material","metal"
1709052805000,140842330,"motor_vehicle","private"
1709052805000,140842330,"source","survey"
1342644720000,140842405,"highway","turning_circle"
1431294955000,140842704,"highway","turning_circle"
1717097417000,140842712,"highway","traffic_signals"
1717097417000,140842712,"source","survey"
1717097417000,140842712,"traffic_signals","traffic_lights"
1559762647000,140842722,"highway","stop"
1559762647000,140842722,"source","survey"
1559762647000,140842722,"stop","all"
1360339297000,140842772,"traffic_calming","hump"
1625031893000,140842788,"traffic_calming","hump"
1625031893000,140842793,"traffic_calming","hump"
1689958994000,140842937,"highway","turning_circle"
1598928429000,140842981,"highway","turning_circle"
1623727717000,140842989,"highway","turning_circle"
1726072232000,140843072,"highway","turning_circle"
1488648505000,140843160,"highway","stop"
1488648505000,140843160,"source","Mapillary"
1360801315000,140843204,"highway","traffic_signals"
1344280293000,140843223,"highway","traffic_signals"
1609194230000,140843233,"highway","traffic_signals"
1343995422000,140843245,"highway","traffic_signals"
1450289757000,140843266,"highway","turning_circle"
1419417326000,140843462,"highway","turning_circle"
1516840363000,140843529,"highway","turning_circle"
1685981960000,140843596,"highway","turning_circle"
1685981960000,140843599,"highway","turning_circle"
1720019943000,140843682,"highway","crossing"
1678659021000,140844682,"source","survey;gps"
1678659021000,140844682,"traffic_sign","US:NM:B-1R"
1678659021000,140844682,"traffic_sign:direction","backward"
1537560801000,140844755,"barrier","gate"
1537560801000,140844755,"source","survey"
1582854987000,140844807,"noexit","yes"
1729522429000,140844921,"highway","turning_circle"
1729715851000,140844969,"highway","turning_circle"
1717631339000,140844999,"highway","traffic_signals"
1717631339000,140844999,"traffic_signals","traffic_lights"
1446258624000,140845027,"highway","traffic_signals"
1342562704000,140845203,"highway","traffic_signals"
1342667356000,140845235,"highway","traffic_signals"
1342562703000,140845275,"highway","traffic_signals"
1717097417000,140845297,"highway","traffic_signals"
1717097417000,140845297,"traffic_signals","traffic_lights"
1263806338000,140845352,"highway","turning_circle"
1573694775000,140845483,"highway","turning_circle"
1687537284000,140845703,"crossing","unmarked"
1687537284000,140845703,"crossing:markings","no"
1687537284000,140845703,"highway","crossing"
1717097417000,140845750,"highway","traffic_signals"
1717097417000,140845750,"traffic_signals","traffic_lights"
1341968624000,140846004,"highway","turning_circle"
1341269266000,140846036,"highway","turning_circle"
1342556595000,140846072,"highway","traffic_signals"
1582854987000,140846081,"highway","turning_circle"
1342678162000,140846098,"highway","turning_circle"
1666497494000,140846118,"highway","turning_circle"
1409298302000,140846126,"highway","turning_circle"
1722263256000,140846141,"highway","turning_circle"
1419147299000,140846247,"highway","turning_circle"
1419147299000,140846255,"highway","turning_circle"
1256620177000,140846285,"highway","turning_circle"
1256620177000,140846285,"source","Yahoo"
1616103061000,140846302,"highway","turning_circle"
1724418523000,140846708,"highway","turning_circle"
1724418523000,140846721,"highway","turning_circle"
1419496282000,140846743,"highway","turning_circle"
1343276103000,140846782,"highway","traffic_signals"
1403230995000,140846807,"source","Bing"
1403230995000,140846807,"traffic_calming","hump"
1542665959000,140846860,"traffic_calming","hump"
1483468840000,140846903,"highway","traffic_signals"
1483468840000,140846903,"source","survey"
1343409825000,140846916,"highway","traffic_signals"
1343409825000,140846916,"source","Bing"
1343409825000,140846957,"highway","traffic_signals"
1344280291000,140846979,"highway","traffic_signals"
1344280291000,140846979,"source","Bing"
1347142294000,140846992,"highway","traffic_signals"
1692649828000,140847005,"highway","turning_circle"
1410047767000,140847179,"highway","turning_circle"
1410047767000,140847179,"source","Yahoo"
1726086498000,140847201,"highway","turning_circle"
1504669578000,140847301,"highway","turning_circle"
1724263100000,140847320,"highway","turning_circle"
1457856190000,140847424,"traffic_calming","hump"
1726846392000,140847621,"highway","turning_circle"
1504055992000,140847652,"highway","turning_circle"
1342682189000,140847668,"highway","turning_circle"
1334614052000,140847675,"highway","turning_circle"
1701105635000,140847683,"highway","turning_circle"
1363218781000,140847695,"highway","turning_circle"
1504669577000,140847774,"highway","turning_circle"
1672952604000,140847861,"ford","yes"
1720460453000,140848210,"highway","turning_circle"
1721328330000,140848351,"highway","turning_circle"
1722369502000,140848397,"highway","traffic_signals"
1419417326000,140848478,"highway","turning_circle"
1343270902000,140848560,"highway","turning_circle"
1371371385000,140848567,"highway","turning_circle"
1516840364000,140848586,"highway","turning_circle"
1516840364000,140848589,"highway","turning_circle"
1730902413000,140848604,"highway","turning_circle"
1730902413000,140848604,"source","Yahoo"
1730902413000,140848607,"highway","turning_circle"
1730902413000,140848607,"source","Yahoo"
1730742555000,140848613,"highway","turning_circle"
1730742555000,140848613,"source","Yahoo"
1408239237000,140848661,"highway","turning_circle"
1694173776000,140848669,"barrier","gate"
1334610057000,140848690,"highway","turning_circle"
1684513749000,140848779,"highway","turning_circle"
1721331344000,140848910,"highway","turning_circle"
1342646620000,140848925,"highway","turning_circle"
1254102180000,140849000,"highway","turning_circle"
1254102180000,140849000,"source","Yahoo"
1254102181000,140849004,"highway","turning_circle"
1254102181000,140849004,"source","Yahoo"
1516840363000,140849041,"highway","turning_circle"
1720004183000,140849089,"barrier","gate"
1253682395000,140849170,"highway","turning_circle"
1253682395000,140849170,"source","Yahoo"
1354677309000,140849355,"highway","turning_circle"
1354677309000,140849355,"source","Yahoo"
1727186440000,140849402,"highway","turning_circle"
1727186440000,140849402,"source","Yahoo"
1531856349000,140849642,"highway","traffic_signals"
1531856349000,140849642,"source","Bing"
1472328984000,140849654,"highway","turning_circle"
1472328984000,140849654,"source","Bing"
1359909381000,140849900,"highway","turning_circle"
1386400712000,140850112,"highway","turning_circle"
1516841049000,140850144,"highway","turning_circle"
1516841049000,140850144,"source","Yahoo"
1345349170000,140850303,"highway","traffic_signals"
1345349170000,140850303,"source","survey"
1717097417000,140850346,"highway","traffic_signals"
1717097417000,140850346,"source","survey"
1717097417000,140850346,"traffic_signals","traffic_lights"
1516833734000,140850378,"highway","turning_circle"
1505797206000,140850417,"highway","turning_circle"
1505797206000,140850423,"highway","turning_circle"
1516840364000,140850432,"highway","turning_circle"
1541883827000,140850502,"barrier","gate"
1354151685000,140850592,"highway","turning_circle"
1354151685000,140850592,"source","Yahoo"
1480931698000,140850601,"highway","turning_circle"
1363219379000,140850656,"highway","turning_circle"
1726757039000,140850837,"highway","turning_circle"
1343889073000,140850866,"highway","turning_circle"
1342676832000,140850877,"highway","turning_circle"
1724263100000,140850915,"highway","turning_circle"
1343342234000,140850925,"highway","turning_circle"
1721402316000,140850938,"highway","turning_circle"
1721402316000,140850946,"highway","turning_circle"
1342678163000,140851006,"highway","turning_circle"
1722369502000,140851032,"highway","turning_circle"
1479493851000,140851150,"highway","turning_circle"
1341978321000,140851219,"highway","turning_circle"
1344474198000,140851238,"highway","turning_circle"
1684333667000,140851446,"highway","turning_circle"
1389348312000,140851481,"highway","turning_circle"
1684853907000,140851517,"highway","turning_circle"
1727373123000,140851541,"crossing","unmarked"
1727373123000,140851541,"crossing:markings","no"
1727373123000,140851541,"highway","crossing"
1729703776000,140851557,"highway","turning_circle"
1516841049000,140851594,"highway","turning_circle"
1591581211000,140851611,"barrier","gate"
1726173643000,140851618,"highway","turning_circle"
1726173643000,140851633,"highway","turning_circle"
1726233351000,140851668,"highway","turning_circle"
1435166241000,140851679,"highway","turning_circle"
1662279907000,140851718,"barrier","gate"
1343284788000,140851853,"highway","turning_circle"
1726846392000,140851856,"highway","turning_circle"
1727987226000,140852001,"highway","turning_circle"
1654613603000,140852027,"highway","turning_circle"
1615278711000,140852029,"highway","turning_circle"
1729522429000,140852135,"highway","turning_circle"
1727196991000,140852147,"highway","turning_circle"
1704744225000,140852184,"highway","turning_loop"
1704744225000,140852184,"junction","roundabout"
1483554610000,140852205,"junction","roundabout"
1717097417000,140852463,"highway","traffic_signals"
1717097417000,140852463,"source","Bing"
1717097417000,140852463,"traffic_signals","traffic_lights"
1717097417000,140852466,"highway","traffic_signals"
1717097417000,140852466,"source","Bing"
1717097417000,140852466,"traffic_signals","traffic_lights"
1419417326000,140852606,"highway","turning_circle"
1342793312000,140852619,"highway","traffic_signals"
1342793312000,140852619,"source","Bing"
1717097417000,140852622,"highway","traffic_signals"
1717097417000,140852622,"source","survey"
1717097417000,140852622,"traffic_signals","traffic_lights"
1351126631000,140852625,"highway","traffic_signals"
1351126631000,140852625,"source","Bing"
1446881069000,140852704,"highway","turning_circle"
1389517153000,140852717,"highway","turning_circle"
1343433574000,140852728,"highway","turning_circle"
1343433575000,140852741,"highway","turning_circle"
1343433575000,140852755,"highway","turning_circle"
1343433575000,140852767,"highway","turning_circle"
1343433575000,140852773,"highway","turning_circle"
1403290485000,140852999,"highway","traffic_signals"
1403290485000,140852999,"source","Bing"
1353811557000,140853065,"highway","traffic_signals"
1353811557000,140853065,"source","Bing"
1615863294000,140853157,"highway","turning_circle"
1344280294000,140853212,"highway","traffic_signals"
1344280294000,140853212,"source","Bing"
1726764541000,140853400,"highway","turning_circle"
1717097417000,140853403,"highway","traffic_signals"
1717097417000,140853403,"traffic_signals","traffic_lights"
1726152509000,140853436,"highway","traffic_signals"
1614531090000,140853493,"direction","backward"
1614531090000,140853493,"highway","stop"
1614531090000,140853493,"source","survey"
1428790726000,140853510,"highway","turning_circle"
1473363714000,140853525,"highway","turning_circle"
1704744225000,140853713,"highway","turning_loop"
1704744225000,140853726,"highway","turning_loop"
1343863526000,140853855,"highway","turning_circle"
1349295531000,140853912,"highway","traffic_signals"
1349295531000,140853912,"source","survey"
1419137040000,140854006,"traffic_calming","hump"
1704310620000,140854052,"highway","turning_circle"
1506398869000,140854054,"highway","turning_circle"
1253682383000,140854075,"highway","turning_circle"
1253682383000,140854075,"source","Yahoo"
1343342234000,140854139,"highway","turning_circle"
1365546842000,140854170,"traffic_calming","hump"
1389348312000,140854288,"highway","turning_circle"
1569563328000,140854310,"highway","turning_circle"
1504759512000,140854430,"highway","turning_circle"
1418827727000,140854458,"highway","turning_circle"
1341004003000,140854461,"highway","turning_circle"
1354350849000,140854490,"highway","turning_circle"
1354287331000,140854510,"highway","turning_circle"
1542091385000,140854543,"highway","turning_circle"
1542091385000,140854549,"highway","turning_circle"
1526663567000,140854658,"highway","turning_circle"
1363219379000,140854734,"highway","turning_circle"
1363219379000,140854737,"highway","turning_circle"
1342659940000,140854794,"highway","turning_circle"
1412368875000,140854974,"highway","turning_circle"
1602704468000,140855067,"traffic_calming","bump"
1681350421000,140855287,"highway","turning_circle"
1602638607000,140855300,"highway","turning_circle"
1602638607000,140855300,"source","Yahoo"
1731254942000,140855310,"highway","turning_circle"
1615392150000,140855345,"highway","turning_circle"
1615304383000,140855363,"highway","turning_circle"
1727457616000,140855373,"highway","turning_circle"
1695664299000,140855726,"highway","turning_circle"
1726599068000,140855736,"highway","turning_circle"
1726419827000,140855788,"highway","turning_circle"
1550146795000,140855813,"highway","turning_circle"
1363131318000,140855817,"highway","turning_circle"
1717097417000,140855938,"highway","traffic_signals"
1717097417000,140855938,"traffic_signals","traffic_lights"
1446717397000,140855942,"highway","traffic_signals"
1542589093000,140856062,"highway","turning_loop"
1343431595000,140856094,"highway","turning_circle"
1722110144000,140856111,"highway","turning_circle"
1727967221000,140856203,"highway","turning_circle"
1727967221000,140856203,"source","Yahoo"
1711616522000,140856339,"highway","turning_circle"
1727186440000,140856438,"highway","turning_circle"
1727186440000,140856438,"source","Yahoo"
1343427772000,140856560,"highway","turning_circle"
1730930489000,140856575,"highway","turning_circle"
1682703101000,140856772,"check_date","2023-04-28"
1682703101000,140856772,"direction","backward"
1682703101000,140856772,"highway","stop"
1682703101000,140856772,"source","survey"
1341970376000,140857016,"highway","turning_circle"
1615936117000,140857227,"highway","turning_circle"
1615936117000,140857227,"source","Yahoo"
1357032336000,140857342,"highway","turning_circle"
1360018474000,140857483,"highway","turning_circle"
1343970153000,140857652,"highway","turning_circle"
1343970153000,140857652,"source","Yahoo"
1382740127000,140857677,"highway","traffic_signals"
1382740127000,140857677,"source","survey"
1717097417000,140857994,"highway","traffic_signals"
1717097417000,140857994,"traffic_signals","traffic_lights"
1654300117000,140858214,"highway","turning_circle"
1371369932000,140858354,"highway","turning_circle"
1727376087000,140858359,"highway","turning_circle"
1418030543000,140858369,"highway","turning_circle"
1334683712000,140858378,"highway","turning_circle"
1338687973000,140858403,"highway","turning_circle"
1389348312000,140858482,"highway","turning_circle"
1343784007000,140858595,"highway","turning_circle"
1338241008000,140858833,"highway","traffic_signals"
1338241008000,140858833,"source","Bing"
1687885387000,140858835,"highway","traffic_signals"
1687885387000,140858835,"source","Bing"
1722002781000,140858863,"highway","turning_circle"
1722001820000,140858893,"highway","turning_circle"
1343009447000,140858948,"traffic_calming","hump"
1343009447000,140858949,"traffic_calming","hump"
1597417378000,140858957,"traffic_calming","hump"
1343009447000,140858963,"highway","turning_circle"
1353100210000,140859051,"highway","turning_circle"
1731253718000,140859095,"highway","turning_circle"
1690485632000,140859123,"highway","turning_circle"
1690485632000,140859125,"highway","turning_circle"
1722181274000,140859178,"highway","traffic_signals"
1722181274000,140859178,"source","survey"
1704744225000,140859456,"highway","turning_loop"
1704744225000,140859469,"highway","turning_loop"
1343950470000,140859487,"highway","turning_circle"
1724338243000,140859561,"highway","turning_circle"
1583099492000,140859573,"direction","backward"
1583099492000,140859573,"highway","stop"
1583099492000,140859573,"source","survey"
1419061614000,140859608,"highway","turning_circle"
1433450421000,140859764,"highway","turning_circle"
1365516340000,140859798,"highway","traffic_signals"
1732049208000,140859844,"highway","turning_circle"
1611827557000,140859848,"highway","turning_circle"
1726174859000,140859905,"crossing","unmarked"
1726174859000,140859905,"crossing:markings","no"
1726174859000,140859905,"highway","crossing"
1542589093000,140859980,"highway","turning_circle"
1701975973000,140859983,"highway","turning_circle"
1727977352000,140860004,"highway","turning_circle"
1727977352000,140860004,"source","Yahoo"
1727114617000,140860157,"highway","turning_circle"
1711040794000,140860241,"highway","turning_circle"
1731183606000,140860308,"highway","turning_circle"
1344111949000,140860317,"highway","turning_circle"
1477150437000,140860323,"noexit","yes"
1458867277000,140860363,"highway","turning_circle"
1606829686000,140860454,"highway","turning_circle"
1256782995000,140860601,"highway","turning_circle"
1256359637000,140860707,"highway","turning_circle"
1256359637000,140860707,"source","Yahoo"
1695748714000,140860716,"highway","turning_circle"
1542665960000,140860760,"highway","turning_circle"
1724415710000,140860807,"highway","turning_circle"
1343342234000,140860816,"highway","turning_circle"
1343959464000,140860839,"highway","turning_circle"
1675512187000,140860882,"highway","turning_circle"
1365550000000,140860899,"highway","traffic_signals"
1717097417000,140860903,"highway","traffic_signals"
1717097417000,140860903,"traffic_signals","traffic_lights"
1354960812000,140860941,"highway","turning_circle"
1729605567000,140860970,"highway","turning_circle"
1727196991000,140860979,"highway","turning_circle"
1727196991000,140860979,"source","Yahoo"
1602108857000,140861088,"highway","turning_circle"
1602108857000,140861088,"source","Yahoo"
1428453260000,140861181,"traffic_calming","hump"
1428453260000,140861191,"traffic_calming","hump"
1428453260000,140861197,"traffic_calming","hump"
1504845992000,140861210,"highway","turning_circle"
1504845992000,140861218,"highway","turning_circle"
1735444305000,140861241,"highway","traffic_signals"
1735444305000,140861241,"traffic_signals","traffic_lights"
1721668102000,140861391,"highway","turning_circle"
1679602575000,140861421,"highway","turning_circle"
1333840014000,140861638,"highway","traffic_signals"
1611967146000,140861652,"noexit","yes"
1349408391000,140861677,"highway","turning_circle"
1695819862000,140861686,"highway","turning_circle"
1630536173000,140861692,"highway","turning_circle"
1724329660000,140861922,"highway","turning_circle"
1615251421000,140861932,"highway","turning_circle"
1696006789000,140861941,"highway","turning_circle"
1605035419000,140861971,"highway","turning_circle"
1389494563000,140862169,"highway","turning_circle"
1504669578000,140862182,"highway","turning_circle"
1342818103000,140862227,"highway","turning_circle"
1724263100000,140862300,"highway","turning_circle"
1709056130000,140862382,"direction","both"
1709056130000,140862382,"highway","stop"
1709056130000,140862382,"stop","all"
1615438729000,140862406,"highway","turning_circle"
1608774214000,140862580,"highway","turning_circle"
1727988466000,140862587,"crossing","unmarked"
1727988466000,140862587,"crossing:markings","no"
1727988466000,140862587,"highway","crossing"
1727988466000,140862596,"highway","turning_circle"
1727988466000,140862596,"source","Yahoo"
1721331344000,140862634,"highway","turning_circle"
1295839466000,140862640,"highway","turning_circle"
1295839466000,140862644,"highway","turning_circle"
1352438600000,140862656,"highway","turning_circle"
1348283233000,140863265,"highway","traffic_signals"
1348283233000,140863265,"source","survey"
1660390217000,140863268,"direction","both"
1660390217000,140863268,"highway","stop"
1660390217000,140863268,"source","survey"
1717097417000,140863271,"highway","traffic_signals"
1717097417000,140863271,"source","Bing"
1717097417000,140863271,"traffic_signals","traffic_lights"
1602808210000,140863349,"highway","turning_circle"
1351113263000,140863402,"highway","traffic_signals"
1351113263000,140863402,"source","Bing"
1348283706000,140863405,"highway","traffic_signals"
1348283706000,140863405,"source","Bing"
1346021785000,140863408,"highway","traffic_signals"
1346021785000,140863408,"source","Bing"
1346021785000,140863412,"highway","traffic_signals"
1346021785000,140863412,"source","survey"
1346021785000,140863416,"highway","traffic_signals"
1346021785000,140863416,"source","Bing"
1348102539000,140863422,"highway","traffic_signals"
1348102539000,140863422,"source","Bing"
1717097417000,140863431,"highway","traffic_signals"
1717097417000,140863431,"source","Bilng"
1717097417000,140863431,"traffic_signals","traffic_lights"
1487266392000,140863456,"railway","level_crossing"
1431046331000,140863738,"highway","turning_circle"
1351876108000,140863798,"highway","traffic_signals"
1681842433000,140863870,"crossing","unmarked"
1681842433000,140863870,"crossing:markings","no"
1681842433000,140863870,"highway","crossing"
1677880364000,140863945,"direction","anticlockwise"
1677880364000,140863945,"highway","mini_roundabout"
1677880364000,140863954,"direction","anticlockwise"
1677880364000,140863954,"highway","mini_roundabout"
1344114644000,140864116,"highway","turning_circle"
1381094724000,140864130,"highway","turning_circle"
1731016576000,140864157,"highway","turning_circle"
1731016576000,140864157,"source","Yahoo"
1573605867000,140864237,"highway","turning_circle"
1335801657000,140864288,"highway","turning_circle"
1337368687000,140864378,"highway","turning_circle"
1644993187000,140864390,"highway","turning_circle"
1611741495000,140864408,"highway","turning_circle"
1615392150000,140864438,"highway","turning_circle"
1340486314000,140864465,"highway","turning_circle"
1427139000000,140864713,"railway","level_crossing"
1721827066000,140864730,"highway","turning_circle"
1504759512000,140864821,"highway","turning_circle"
1671950268000,140864931,"highway","turning_circle"
1354677309000,140864996,"highway","traffic_signals"
1732280498000,140865009,"crossing","uncontrolled"
1732280498000,140865009,"highway","crossing"
1477150437000,140865240,"highway","turning_circle"
1353097948000,140865244,"highway","turning_circle"
1255825903000,140865255,"highway","turning_circle"
1255825903000,140865255,"source","Yahoo"
1721402316000,140865264,"highway","turning_circle"
1343960856000,140865270,"highway","turning_circle"
1732232658000,140865300,"highway","turning_circle"
1732232658000,140865318,"highway","turning_circle"
1343006734000,140865334,"highway","turning_circle"
1419417326000,140865368,"highway","turning_circle"
1255203300000,140865396,"highway","turning_circle"
1255203300000,140865396,"source","Yahoo"
1722135790000,140865404,"crossing","unmarked"
1722135790000,140865404,"crossing:markings","no"
1722135790000,140865404,"highway","crossing"
1476062552000,140865424,"traffic_calming","hump"
1476062552000,140865439,"traffic_calming","hump"
1516841519000,140865472,"highway","turning_loop"
1419199099000,140865476,"highway","turning_circle"
1724179770000,140865481,"highway","turning_circle"
1358951231000,140865515,"highway","turning_circle"
1504759512000,140865521,"highway","turning_circle"
1342077434000,140865642,"highway","turning_circle"
1720019943000,140866002,"distance","7"
1720019943000,140866002,"highway","milestone"
1343889073000,140867331,"highway","turning_circle"
1410555276000,140867376,"highway","turning_circle"
1410555276000,140867376,"source","Yahoo"
1569387238000,140867383,"highway","turning_circle"
1431156958000,140867396,"highway","turning_circle"
1504845992000,140867439,"highway","turning_circle"
1724415710000,140867447,"highway","turning_circle"
1724415710000,140867460,"highway","turning_circle"
1353098972000,140867479,"highway","turning_circle"
1349109883000,140867484,"highway","turning_circle"
1729882124000,140867521,"highway","turning_circle"
1729882124000,140867524,"highway","turning_circle"
1341978321000,140867535,"highway","turning_circle"
1601386306000,140867794,"traffic_calming","hump"
1563739990000,140867835,"highway","traffic_signals"
1727457616000,140867855,"highway","turning_circle"
1513685610000,140867902,"highway","turning_circle"
1342664192000,140867925,"highway","turning_circle"
1666497494000,140868018,"highway","turning_circle"
1727114159000,140868054,"highway","turning_circle"
1353098972000,140868145,"highway","turning_circle"
1726846392000,140868238,"highway","turning_circle"
1476232600000,140868255,"highway","turning_circle"
1256792523000,140868349,"highway","turning_circle"
1256792523000,140868349,"source","Yahoo"
1725901764000,140868388,"highway","turning_circle"
1333918465000,140868512,"highway","turning_circle"
1528437505000,140868564,"highway","turning_circle"
1528436977000,140868570,"highway","turning_circle"
1352043991000,140868609,"highway","traffic_signals"
1352043991000,140868609,"source","survey"
1706565099000,140868714,"noexit","yes"
1408239238000,140868754,"highway","turning_circle"
1690482130000,140868866,"highway","turning_circle"
1617394785000,140868948,"direction","backward"
1617394785000,140868948,"highway","stop"
1617394785000,140868948,"source","survey"
1602078616000,140869001,"highway","turning_circle"
1630288817000,140869129,"highway","turning_circle"
1684435038000,140869158,"highway","turning_circle"
1730398656000,140869298,"highway","turning_circle"
1625592686000,140869330,"traffic_calming","hump"
1341970376000,140869349,"highway","turning_circle"
1682798999000,140869362,"highway","turning_circle"
1727378875000,140869617,"highway","turning_circle"
1479493851000,140869653,"highway","turning_circle"
1341952821000,140869710,"highway","turning_circle"
1721225348000,140869913,"highway","turning_circle"
1721225348000,140869939,"highway","turning_circle"
1354410323000,140869961,"highway","turning_circle"
1354410323000,140869961,"source","Yahoo"
1513752846000,140870031,"highway","turning_circle"
1419419071000,140870224,"highway","turning_circle"
1389348312000,140870252,"highway","turning_circle"
1477150438000,140870260,"highway","turning_circle"
1333776787000,140870311,"highway","turning_circle"
1333776787000,140870311,"source","Yahoo"
1357032340000,140870420,"highway","turning_circle"
1369975610000,140870490,"traffic_calming","hump"
1726677715000,140870533,"highway","turning_circle"
1357032341000,140870592,"highway","turning_circle"
1414027260000,140870603,"highway","turning_circle"
1650796626000,140870724,"highway","turning_circle"
1650796626000,140870724,"source","Yahoo"
1342210932000,140870740,"highway","turning_circle"
1255825903000,140870845,"highway","turning_circle"
1255825903000,140870845,"source","Yahoo"
1342676830000,140870849,"highway","turning_circle"
1733696093000,140871147,"highway","turning_circle"
1582606438000,140871149,"highway","turning_circle"
1342646622000,140871193,"highway","turning_circle"
1342646622000,140871197,"highway","turning_circle"
1363218782000,140871216,"highway","turning_circle"
1363218782000,140871296,"highway","turning_circle"
1363218782000,140871304,"highway","turning_circle"
1320844567000,140871503,"highway","turning_circle"
1479323821000,140871558,"highway","turning_circle"
1696967637000,140871600,"highway","turning_circle"
1730736454000,140871609,"highway","traffic_signals"
1730736454000,140871609,"source","Bing"
1730736454000,140871609,"traffic_signals","traffic_lights"
1453860806000,140871704,"highway","turning_circle"
1677260857000,140871777,"barrier","gate"
1677260857000,140871777,"bicycle","yes"
1677260857000,140871777,"foot","yes"
1677260857000,140871777,"height","1"
1677260857000,140871777,"horse","yes"
1677260857000,140871777,"material","metal"
1677260857000,140871777,"motor_vehicle","yes"
1677260857000,140871777,"source","survey;GNSS"
1677366729000,140871862,"barrier","gate"
1677366729000,140871862,"height","1"
1677366729000,140871862,"material","steel"
1677366729000,140871862,"source","survey;GNSS"
1364327602000,140872014,"highway","turning_circle"
1730391949000,140872053,"highway","turning_circle"
1722001820000,140872089,"highway","turning_circle"
1387259530000,140872156,"highway","turning_circle"
1724331597000,140872239,"highway","turning_circle"
1730390371000,140872389,"highway","traffic_signals"
1730390371000,140872392,"crossing","uncontrolled"
1730390371000,140872392,"crossing:markings","yes"
1730390371000,140872392,"highway","crossing"
1462658788000,140872725,"highway","turning_circle"
1462658788000,140872728,"highway","turning_circle"
1257020489000,140872946,"highway","turning_circle"
1257020489000,140872946,"source","Yahoo"
1343284787000,140873004,"highway","turning_circle"
1359919275000,140873136,"highway","turning_circle"
1419061614000,140873193,"highway","turning_circle"
1344474199000,140873245,"highway","turning_circle"
1504845992000,140873410,"highway","turning_circle"
1504845992000,140873414,"highway","turning_circle"
1342685103000,140873485,"highway","turning_circle"
1430355928000,140873490,"highway","turning_circle"
1730901385000,140873524,"highway","turning_circle"
1730901385000,140873524,"source","Yahoo"
1730901385000,140873539,"highway","turning_circle"
1730901385000,140873539,"source","Yahoo"
1419061614000,140873546,"highway","turning_circle"
1344474199000,140873682,"highway","turning_circle"
1341269990000,140873689,"highway","turning_circle"
1419061614000,140873753,"highway","turning_circle"
1682081731000,140873771,"highway","turning_circle"
1602108857000,140873816,"highway","turning_circle"
1602108857000,140873816,"source","Yahoo"
1394637207000,140873889,"highway","turning_circle"
1724179770000,140873919,"highway","turning_circle"
1708631346000,140873934,"crossing","unmarked"
1708631346000,140873934,"crossing:markings","no"
1708631346000,140873934,"highway","crossing"
1708631346000,140873937,"crossing","unmarked"
1708631346000,140873937,"crossing:markings","no"
1708631346000,140873937,"highway","crossing"
1729656422000,140873961,"source","survey"
1660314746000,140873979,"direction","both"
1660314746000,140873979,"highway","stop"
1665082590000,140873986,"check_date","2022-10-06"
1665082590000,140873986,"traffic_calming","hump"
1665082585000,140873989,"check_date","2022-10-06"
1665082585000,140873989,"traffic_calming","hump"
1412890770000,140874025,"traffic_calming","hump"
1727457616000,140874055,"highway","turning_circle"
1506398869000,140874240,"highway","turning_circle"
1506398869000,140874251,"highway","turning_circle"
1726846392000,140874306,"highway","turning_circle"
1726846392000,140874333,"highway","turning_circle"
1610161499000,140874457,"barrier","fence"
1354410328000,140874750,"highway","turning_circle"
1354410328000,140874750,"source","Yahoo"
1717097417000,140874840,"highway","traffic_signals"
1717097417000,140874840,"source","Bing"
1717097417000,140874840,"traffic_signals","traffic_lights"
1520436586000,140874861,"highway","traffic_signals"
1520436586000,140874861,"source","Bing"
1724438217000,140874959,"highway","turning_circle"
1724438217000,140874959,"source","Yahoo"
1644836371000,140875004,"barrier","yes"
1542091385000,140875087,"highway","turning_circle"
1722562767000,140875090,"aerialway","station"
1722562767000,140875090,"public_transport","station"
1722562767000,140875113,"aerialway","station"
1722562767000,140875113,"public_transport","station"
1477150438000,140875149,"highway","turning_circle"
1477150438000,140875149,"source","Yahoo"
1342676831000,140875178,"highway","turning_circle"
1255203298000,140875187,"highway","turning_circle"
1255203298000,140875187,"source","Yahoo"
1731004157000,140875194,"highway","turning_circle"
1731004157000,140875209,"highway","turning_circle"
1418668258000,140875216,"highway","turning_circle"
1403673623000,140875290,"highway","turning_circle"
1362321979000,140875327,"highway","turning_circle"
1730908864000,140875464,"highway","turning_loop"
1602638607000,140875574,"highway","turning_circle"
1602638607000,140875574,"source","Yahoo"
1408239236000,140875580,"highway","turning_circle"
1721053310000,140875586,"highway","turning_circle"
1256695353000,140875591,"highway","turning_circle"
1256695353000,140875613,"highway","turning_circle"
1620810498000,140875666,"highway","turning_circle"
1717097417000,140875714,"highway","traffic_signals"
1717097417000,140875714,"source","Bing"
1717097417000,140875714,"traffic_signals","traffic_lights"
1717097417000,140875731,"highway","traffic_signals"
1717097417000,140875731,"source","Bing"
1717097417000,140875731,"traffic_signals","traffic_lights"
1717097417000,140875757,"highway","traffic_signals"
1717097417000,140875757,"source","Bing"
1717097417000,140875757,"traffic_signals","traffic_lights"
1717097417000,140875763,"highway","traffic_signals"
1717097417000,140875763,"source","Bing"
1717097417000,140875763,"traffic_signals","traffic_lights"
1717097417000,140875766,"highway","traffic_signals"
1717097417000,140875766,"source","Bing"
1717097417000,140875766,"traffic_signals","traffic_lights"
1717097417000,140875771,"highway","traffic_signals"
1717097417000,140875771,"source","Bing"
1717097417000,140875771,"traffic_signals","traffic_lights"
1717097417000,140875787,"highway","traffic_signals"
1717097417000,140875787,"source","Bing"
1717097417000,140875787,"traffic_signals","traffic_lights"
1717097417000,140875806,"highway","traffic_signals"
1717097417000,140875806,"source","survey"
1717097417000,140875806,"traffic_signals","traffic_lights"
1717097417000,140875815,"highway","traffic_signals"
1717097417000,140875815,"source","Bing"
1717097417000,140875815,"traffic_signals","traffic_lights"
1717097417000,140875855,"highway","traffic_signals"
1717097417000,140875855,"source","Bing"
1717097417000,140875855,"traffic_signals","traffic_lights"
1722433903000,140875864,"highway","traffic_signals"
1722433903000,140875864,"source","Bing"
1722433903000,140875864,"traffic_signals","traffic_lights"
1722368555000,140875881,"highway","traffic_signals"
1722368555000,140875881,"source","Bing"
1722368555000,140875881,"traffic_signals","traffic_lights"
1717097417000,140875887,"highway","traffic_signals"
1717097417000,140875887,"source","Bing"
1717097417000,140875887,"traffic_signals","traffic_lights"
1717097417000,140875899,"highway","traffic_signals"
1717097417000,140875899,"source","Bing"
1717097417000,140875899,"traffic_signals","traffic_lights"
1722542240000,140875901,"highway","traffic_signals"
1722542240000,140875901,"source","Bing"
1722542240000,140875901,"traffic_signals","traffic_lights"
1615011314000,140875956,"highway","traffic_signals"
1615011314000,140875956,"source","survey"
1676692264000,140876043,"highway","turning_circle"
1682343019000,140876117,"highway","turning_circle"
1601386306000,140876826,"traffic_calming","hump"
1717097417000,140876856,"highway","traffic_signals"
1717097417000,140876856,"traffic_signals","traffic_lights"
1724339871000,140876990,"traffic_calming","hump"
1692377257000,140877134,"crossing","unmarked"
1692377257000,140877134,"crossing:markings","no"
1692377257000,140877134,"highway","crossing"
1692629505000,140877136,"crossing","unmarked"
1692629505000,140877136,"crossing:markings","no"
1692629505000,140877136,"highway","crossing"
1726846392000,140877378,"highway","turning_circle"
1501473248000,140877402,"highway","turning_circle"
1419227396000,140877475,"highway","turning_circle"
1726776863000,140877694,"highway","turning_circle"
1419065689000,140877815,"highway","turning_circle"
1725979333000,140877843,"highway","turning_circle"
1725993233000,140877855,"highway","turning_circle"
1446881069000,140878010,"highway","turning_circle"
1446881069000,140878010,"source","Yahoo"
1337100628000,140878056,"highway","turning_circle"
1428032712000,140878181,"highway","turning_circle"
1428884220000,140878382,"source","Bing"
1428884220000,140878382,"traffic_calming","hump"
1727987226000,140878548,"highway","turning_circle"
1727987226000,140878548,"source","Yahoo"
1473226126000,140878566,"traffic_calming","hump"
1473226126000,140878569,"traffic_calming","hump"
1430355712000,140878625,"highway","turning_circle"
1427251809000,140878860,"highway","turning_circle"
1337486265000,140878879,"highway","turning_circle"
1626347097000,140878883,"highway","turning_circle"
1389348313000,140878929,"highway","turning_circle"
1628744080000,140878982,"noexit","yes"
1723637513000,140879058,"highway","turning_circle"
1564765187000,140879304,"highway","stop"
1564765187000,140879304,"source","survey"
1504759511000,140879350,"highway","turning_circle"
1343972296000,140879389,"highway","turning_circle"
1717097417000,140879411,"highway","traffic_signals"
1717097417000,140879411,"source","Bing"
1717097417000,140879411,"traffic_signals","traffic_lights"
1717097417000,140879420,"highway","traffic_signals"
1717097417000,140879420,"source","Bing"
1717097417000,140879420,"traffic_signals","traffic_lights"
1346021785000,140879435,"highway","traffic_signals"
1346021785000,140879435,"source","survey"
1703479001000,140879500,"crossing","marked"
1703479001000,140879500,"crossing:markings","yes"
1703479001000,140879500,"highway","crossing"
1652696012000,140879503,"highway","traffic_signals"
1652696012000,140879503,"source","Bing"
1725393205000,140879537,"highway","turning_circle"
1544442138000,140879568,"highway","turning_circle"
1647057830000,140879661,"highway","turning_circle"
1479410155000,140879699,"highway","turning_circle"
1418827728000,140879702,"highway","turning_circle"
1721052377000,140879982,"highway","turning_circle"
1357032344000,140880067,"highway","traffic_signals"
1357032344000,140880067,"source","survey"
1574384580000,140880090,"highway","traffic_signals"
1717097417000,140880106,"highway","traffic_signals"
1717097417000,140880106,"traffic_signals","traffic_lights"
1717097417000,140880147,"highway","traffic_signals"
1717097417000,140880147,"traffic_signals","traffic_lights"
1717097417000,140880159,"highway","traffic_signals"
1717097417000,140880159,"traffic_signals","traffic_lights"
1717097417000,140880174,"highway","traffic_signals"
1717097417000,140880174,"traffic_signals","traffic_lights"
1717097417000,140880180,"highway","traffic_signals"
1717097417000,140880180,"traffic_signals","traffic_lights"
1717097417000,140880191,"highway","traffic_signals"
1717097417000,140880191,"traffic_signals","traffic_lights"
1357006429000,140880200,"highway","traffic_signals"
1615747683000,140880212,"highway","traffic_signals"
1717097417000,140880245,"highway","traffic_signals"
1717097417000,140880245,"traffic_signals","traffic_lights"
1340407568000,140880290,"highway","traffic_signals"
1340407568000,140880293,"highway","traffic_signals"
1343445455000,140880302,"highway","traffic_signals"
1528437505000,140880311,"highway","traffic_signals"
1340408637000,140880330,"highway","traffic_signals"
1419495067000,140881133,"highway","turning_circle"
1721331344000,140881189,"highway","turning_circle"
1263750949000,140881253,"highway","turning_circle"
1390455558000,140881292,"highway","turning_circle"
1418827879000,140881297,"highway","turning_circle"
1615251421000,140881317,"highway","turning_circle"
1615251421000,140881332,"highway","turning_circle"
1506659958000,140881356,"highway","turning_circle"
1516574026000,140881856,"highway","traffic_signals"
1363218781000,140884353,"highway","turning_circle"
1704744225000,140885476,"crossing","unmarked"
1704744225000,140885476,"crossing:markings","no"
1704744225000,140885476,"highway","crossing"
1621712297000,140885483,"traffic_calming","hump"
1621712297000,140885492,"traffic_calming","hump"
1621712297000,140885504,"highway","turning_circle"
1621712297000,140885504,"source","Yahoo"
1505872636000,140885516,"highway","turning_circle"
1343750107000,140885525,"highway","turning_circle"
1717097417000,140885533,"highway","traffic_signals"
1717097417000,140885533,"source","Bing"
1717097417000,140885533,"traffic_signals","traffic_lights"
1348283234000,140885535,"highway","traffic_signals"
1348283234000,140885535,"source","Bing"
1717097417000,140885538,"highway","traffic_signals"
1717097417000,140885538,"source","Bing"
1717097417000,140885538,"traffic_signals","traffic_lights"
1717097417000,140885547,"highway","traffic_signals"
1717097417000,140885547,"traffic_signals","traffic_lights"
1667799542000,140885554,"highway","traffic_signals"
1667799542000,140885554,"source","survey"
1667799542000,140885560,"highway","traffic_signals"
1667799542000,140885560,"source","Bing"
1667576085000,140885649,"highway","traffic_signals"
1365516341000,140885681,"highway","traffic_signals"
1717097417000,140885745,"highway","traffic_signals"
1717097417000,140885745,"traffic_signals","traffic_lights"
1717097417000,140885778,"highway","traffic_signals"
1717097417000,140885778,"traffic_signals","traffic_lights"
1729715851000,140885784,"crossing","uncontrolled"
1729715851000,140885784,"highway","crossing"
1575096330000,140885787,"highway","traffic_signals"
1717097417000,140885809,"highway","traffic_signals"
1717097417000,140885809,"traffic_signals","traffic_lights"
1717097417000,140885818,"highway","traffic_signals"
1717097417000,140885818,"traffic_signals","traffic_lights"
1729786515000,140885828,"highway","traffic_signals"
1731171186000,140885831,"highway","traffic_signals"
1731171186000,140885831,"source","Bing"
1731171186000,140885831,"traffic_signals","traffic_lights"
1722196527000,140885836,"highway","traffic_signals"
1722196527000,140885836,"traffic_signals","signal"
1726758007000,140886315,"highway","turning_circle"
1628746624000,140886362,"highway","turning_circle"
1363278935000,140886403,"highway","turning_circle"
1419065689000,140886631,"highway","turning_circle"
1355082790000,140886654,"highway","traffic_signals"
1616865167000,140886741,"highway","turning_circle"
1706565099000,140887233,"barrier","gate"
1685679120000,140887576,"highway","turning_circle"
1342685102000,140887586,"highway","turning_circle"
1661927846000,140887611,"access:delivery","no"
1661927846000,140887611,"barrier","gate"
1687872656000,140887622,"barrier","gate"
1697480690000,140887696,"highway","turning_circle"
1504759512000,140887708,"highway","turning_circle"
1403230995000,140887710,"highway","turning_circle"
1320844567000,140887915,"highway","turning_circle"
1358951231000,140888021,"source","Bing"
1358951231000,140888021,"traffic_calming","hump"
1562980343000,140888038,"highway","turning_circle"
1583166619000,140888054,"direction","both"
1583166619000,140888054,"highway","stop"
1583166619000,140888054,"source","survey"
1722452346000,140888184,"highway","turning_circle"
1642785505000,140888415,"highway","stop"
1642785505000,140888415,"source","survey"
1642785505000,140888415,"stop","all"
1726764541000,140888541,"highway","turning_circle"
1734196033000,140888577,"direction","backward"
1734196033000,140888577,"highway","stop"
1734196033000,140888577,"source","survey"
1608774214000,140889067,"highway","turning_circle"
1620244871000,140889100,"traffic_calming","hump"
1564904020000,140889151,"highway","turning_circle"
1706565099000,140889165,"noexit","yes"
1705507264000,140889193,"highway","turning_loop"
1726751520000,140889416,"highway","turning_circle"
1717097417000,140889436,"highway","traffic_signals"
1717097417000,140889436,"source","Bing"
1717097417000,140889436,"traffic_signals","traffic_lights"
1725547571000,140889498,"highway","turning_circle"
1725979333000,140889526,"highway","turning_circle"
1660070625000,140889553,"highway","mini_roundabout"
1506398869000,140889580,"highway","turning_circle"
1419415744000,140889606,"highway","turning_circle"
1342816867000,140889870,"highway","turning_circle"
1416253347000,140889873,"highway","turning_circle"
1416253347000,140889873,"source","Yahoo"
1371369930000,140890015,"highway","turning_circle"
1504669578000,140890064,"highway","turning_circle"
1342054851000,140890103,"highway","turning_circle"
1357006444000,140890171,"highway","turning_circle"
1617380803000,140890191,"highway","turning_circle"
1256620176000,140890209,"highway","turning_circle"
1256620176000,140890209,"source","Yahoo"
1343254470000,140890279,"highway","turning_circle"
1717097417000,140890304,"highway","traffic_signals"
1717097417000,140890304,"traffic_signals","traffic_lights"
1726241771000,140890414,"highway","turning_circle"
1717097417000,140890531,"highway","traffic_signals"
1717097417000,140890531,"traffic_signals","traffic_lights"
1256706328000,140890627,"highway","turning_circle"
1256706328000,140890627,"source","Yahoo"
1408239236000,140890777,"source","Bing"
1408239236000,140890777,"traffic_calming","hump"
1408239236000,140890785,"source","Bing"
1408239236000,140890785,"traffic_calming","hump"
1590439431000,140890980,"highway","turning_circle"
1255203300000,140891033,"highway","turning_circle"
1255203300000,140891033,"source","Yahoo"
1730298139000,140891047,"crossing","unmarked"
1730298139000,140891047,"crossing:markings","no"
1730298139000,140891047,"highway","crossing"
1320844567000,140891242,"highway","turning_circle"
1726767002000,140891388,"highway","turning_circle"
1369168207000,140891425,"highway","turning_circle"
1342685105000,140891440,"highway","turning_circle"
1256359637000,140891532,"highway","turning_circle"
1256359637000,140891532,"source","Yahoo"
1504682497000,140891545,"highway","turning_circle"
1731016576000,140891566,"highway","turning_circle"
1342816869000,140891763,"highway","turning_circle"
1727459792000,140891776,"highway","turning_circle"
1408239236000,140891998,"highway","turning_circle"
1263751551000,140892061,"highway","turning_circle"
1578191510000,140892261,"highway","turning_circle"
1419415745000,140892636,"highway","turning_circle"
1419415745000,140892681,"highway","turning_circle"
1337368688000,140892694,"highway","turning_circle"
1419228896000,140892793,"highway","turning_circle"
1343337819000,140892812,"highway","turning_circle"
1726846392000,140892820,"highway","turning_circle"
1354410329000,140892851,"highway","turning_circle"
1696200722000,140893128,"crossing","unmarked"
1696200722000,140893128,"crossing:markings","no"
1696200722000,140893128,"highway","crossing"
1725976298000,140893473,"highway","turning_circle"
1371371384000,140893629,"highway","turning_circle"
1721051163000,140893645,"highway","turning_circle"
1721051163000,140893645,"source","Yahoo"
1721051163000,140893659,"highway","turning_circle"
1721051163000,140893659,"source","Yahoo"
1256359637000,140893768,"highway","turning_circle"
1256359637000,140893768,"source","Yahoo"
1479151652000,140894008,"highway","turning_circle"
1453859059000,140894073,"traffic_calming","hump"
1453859059000,140894076,"traffic_calming","hump"
1453859059000,140894082,"highway","traffic_signals"
1453859059000,140894082,"source","Bing"
1722359414000,140894126,"highway","turning_circle"
1343784007000,140894153,"highway","turning_circle"
1343793386000,140894181,"highway","turning_circle"
1569540601000,140894201,"highway","turning_circle"
1404078242000,140894454,"traffic_calming","hump"
1726241771000,140894516,"highway","turning_circle"
1569568859000,140894526,"highway","turning_circle"
1343780567000,140894607,"highway","turning_circle"
1480918807000,140894846,"traffic_calming","hump"
1480918807000,140894848,"traffic_calming","hump"
1557065919000,140894858,"highway","stop"
1557065919000,140894858,"stop","all"
1726601918000,140894909,"highway","turning_circle"
1342665462000,140894912,"highway","turning_circle"
1703479001000,140894928,"artwork_type","sculpture"
1703479001000,140894928,"tourism","artwork"
1660314746000,140894952,"direction","both"
1660314746000,140894952,"highway","stop"
1343285759000,140895041,"highway","turning_circle"
1354410324000,140895048,"highway","turning_circle"
1419417326000,140895065,"highway","turning_circle"
1683406559000,140895164,"highway","turning_circle"
1343960856000,140895482,"highway","turning_circle"
1726599068000,140895549,"highway","turning_circle"
1690905498000,140895568,"noexit","yes"
1625736620000,140895579,"highway","turning_circle"
1343337819000,140895651,"highway","turning_circle"
1569563328000,140895665,"highway","turning_circle"
1556719998000,140896072,"highway","stop"
1556719998000,140896072,"stop","all"
1582411090000,140896115,"direction","backward"
1582411090000,140896115,"highway","stop"
1582411090000,140896115,"source","survey"
1557088138000,140896145,"highway","stop"
1471092174000,140896241,"source","Bing"
1471092174000,140896241,"traffic_calming","hump"
1569568859000,140896256,"highway","turning_circle"
1343962153000,140896286,"highway","turning_circle"
1340862876000,140896390,"highway","turning_circle"
1354960814000,140896496,"highway","turning_circle"
1475624364000,140896514,"highway","turning_circle"
1256706328000,140896575,"highway","turning_circle"
